Date,Start Time (Sask),Start Time (ET),Visitor,Score,Home,Score,Status
2021-01-13,4:30 PM,5:30 PM,Pittsburgh Penguins,3,Philadelphia Flyers,6,Regulation
2021-01-13,6:00 PM,7:00 PM,Montreal Canadiens,4,Toronto Maple Leafs,5,OT
2021-01-13,7:00 PM,8:00 PM,Chicago Blackhawks,1,Tampa Bay Lightning,5,Regulation
2021-01-13,9:00 PM,10:00 PM,Vancouver Canucks,5,Edmonton Oilers,3,Regulation
2021-01-13,9:30 PM,10:30 PM,St. Louis Blues,4,Colorado Avalanche,1,Regulation
2021-01-14,6:00 PM,7:00 PM,Washington Capitals,6,Buffalo Sabres,4,Regulation
2021-01-14,6:00 PM,7:00 PM,Boston Bruins,3,New Jersey Devils,2,SO
2021-01-14,6:00 PM,7:00 PM,New York Islanders,4,New York Rangers,0,Regulation
2021-01-14,6:30 PM,7:30 PM,Carolina Hurricanes,3,Detroit Red Wings,0,Regulation
2021-01-14,7:00 PM,8:00 PM,Columbus Blue Jackets,1,Nashville Predators,3,Regulation
2021-01-14,7:00 PM,8:00 PM,Calgary Flames,3,Winnipeg Jets,4,OT
2021-01-14,8:00 PM,9:00 PM,Vancouver Canucks,2,Edmonton Oilers,5,Regulation
2021-01-14,8:00 PM,9:00 PM,San Jose Sharks,4,Arizona Coyotes,3,SO
2021-01-14,9:00 PM,10:00 PM,Anaheim Ducks,2,Vegas Golden Knights,5,Regulation
2021-01-14,9:00 PM,10:00 PM,Minnesota Wild,4,Los Angeles Kings,3,OT
2021-01-15,6:00 PM,7:00 PM,Washington Capitals,2,Buffalo Sabres,1,Regulation
2021-01-15,6:00 PM,7:00 PM,Pittsburgh Penguins,2,Philadelphia Flyers,5,Regulation
2021-01-15,6:00 PM,7:00 PM,Chicago Blackhawks,2,Tampa Bay Lightning,5,Regulation
2021-01-15,6:00 PM,7:00 PM,Toronto Maple Leafs,3,Ottawa Senators,5,Regulation
2021-01-15,8:00 PM,9:00 PM,St. Louis Blues,0,Colorado Avalanche,8,Regulation
2021-01-16,12:00 PM,1:00 PM,Boston Bruins,1,New Jersey Devils,2,OT
2021-01-16,3:00 PM,4:00 PM,San Jose Sharks,3,Arizona Coyotes,5,Regulation
2021-01-16,6:00 PM,7:00 PM,New York Islanders,0,New York Rangers,5,Regulation
2021-01-16,6:00 PM,7:00 PM,Carolina Hurricanes,2,Detroit Red Wings,4,Regulation
2021-01-16,6:00 PM,7:00 PM,Toronto Maple Leafs,3,Ottawa Senators,2,Regulation
2021-01-16,6:00 PM,7:00 PM,Montreal Canadiens,5,Edmonton Oilers,1,Regulation
2021-01-16,7:00 PM,8:00 PM,Columbus Blue Jackets,2,Nashville Predators,5,Regulation
2021-01-16,8:00 PM,9:00 PM,Minnesota Wild,4,Los Angeles Kings,3,OT
2021-01-16,9:00 PM,10:00 PM,Vancouver Canucks,0,Calgary Flames,3,Regulation
2021-01-16,9:00 PM,10:00 PM,Anaheim Ducks,1,Vegas Golden Knights,2,OT
2021-01-17,11:00 AM,12:00 PM,Washington Capitals,3,Pittsburgh Penguins,4,SO
2021-01-17,6:00 PM,7:00 PM,Chicago Blackhawks,2,Florida Panthers,5,Regulation
2021-01-18,11:00 AM,12:00 PM,Columbus Blue Jackets,3,Detroit Red Wings,2,Regulation
2021-01-18,4:00 PM,5:00 PM,Boston Bruins,0,New York Islanders,1,Regulation
2021-01-18,6:00 PM,7:00 PM,Winnipeg Jets,1,Toronto Maple Leafs,3,Regulation
2021-01-18,6:30 PM,7:30 PM,Buffalo Sabres,6,Philadelphia Flyers,1,Regulation
2021-01-18,7:00 PM,8:00 PM,San Jose Sharks,4,St. Louis Blues,5,Regulation
2021-01-18,7:00 PM,8:00 PM,Carolina Hurricanes,4,Nashville Predators,2,Regulation
2021-01-18,8:00 PM,9:00 PM,Vancouver Canucks,2,Calgary Flames,5,Regulation
2021-01-18,8:00 PM,9:00 PM,Montreal Canadiens,3,Edmonton Oilers,1,Regulation
2021-01-18,8:00 PM,9:00 PM,Minnesota Wild,0,Anaheim Ducks,1,Regulation
2021-01-18,9:00 PM,10:00 PM,Arizona Coyotes,2,Vegas Golden Knights,4,Regulation
2021-01-19,6:00 PM,7:00 PM,New Jersey Devils,4,New York Rangers,3,Regulation
2021-01-19,6:00 PM,7:00 PM,Buffalo Sabres,0,Philadelphia Flyers,3,Regulation
2021-01-19,6:00 PM,7:00 PM,Chicago Blackhawks,4,Florida Panthers,5,OT
2021-01-19,6:00 PM,7:00 PM,Washington Capitals,4,Pittsburgh Penguins,5,OT
2021-01-19,6:00 PM,7:00 PM,Winnipeg Jets,4,Ottawa Senators,3,OT
2021-01-19,6:30 PM,7:30 PM,Columbus Blue Jackets,2,Detroit Red Wings,3,OT
2021-01-19,9:00 PM,10:00 PM,Colorado Avalanche,3,Los Angeles Kings,2,Regulation
2021-01-20,6:00 PM,7:00 PM,Edmonton Oilers,3,Toronto Maple Leafs,1,Regulation
2021-01-20,8:00 PM,9:00 PM,San Jose Sharks,2,St. Louis Blues,1,SO
2021-01-20,8:30 PM,9:30 PM,Minnesota Wild,3,Anaheim Ducks,2,Regulation
2021-01-20,9:00 PM,10:00 PM,Montreal Canadiens,5,Vancouver Canucks,6,SO
2021-01-20,9:00 PM,10:00 PM,Arizona Coyotes,2,Vegas Golden Knights,5,Regulation
2021-01-21,6:00 PM,7:00 PM,Philadelphia Flyers,4,Boston Bruins,5,SO
2021-01-21,6:00 PM,7:00 PM,New Jersey Devils,1,New York Islanders,4,Regulation
2021-01-21,6:00 PM,7:00 PM,Tampa Bay Lightning,3,Columbus Blue Jackets,2,OT
2021-01-21,6:00 PM,7:00 PM,Winnipeg Jets,4,Ottawa Senators,1,Regulation
2021-01-21,8:30 PM,9:30 PM,Montreal Canadiens,7,Vancouver Canucks,3,Regulation
2021-01-21,9:00 PM,10:00 PM,Colorado Avalanche,2,Los Angeles Kings,4,Regulation
2021-01-22,6:00 PM,7:00 PM,Buffalo Sabres,3,Washington Capitals,4,SO
2021-01-22,6:00 PM,7:00 PM,New York Rangers,3,Pittsburgh Penguins,4,SO
2021-01-22,6:00 PM,7:00 PM,Edmonton Oilers,2,Toronto Maple Leafs,4,Regulation
2021-01-22,7:00 PM,8:00 PM,Detroit Red Wings,1,Chicago Blackhawks,4,Regulation
2021-01-22,7:00 PM,8:00 PM,San Jose Sharks,1,Minnesota Wild,4,Regulation
2021-01-22,7:30 PM,8:30 PM,Nashville Predators,0,Dallas Stars,7,Regulation
2021-01-22,8:00 PM,9:00 PM,Vegas Golden Knights,2,Arizona Coyotes,5,Regulation
2021-01-22,9:00 PM,10:00 PM,Colorado Avalanche,3,Anaheim Ducks,2,OT
2021-01-23,1:00 PM,2:00 PM,Tampa Bay Lightning,2,Columbus Blue Jackets,5,Regulation
2021-01-23,6:00 PM,7:00 PM,Philadelphia Flyers,1,Boston Bruins,6,Regulation
2021-01-23,6:00 PM,7:00 PM,Montreal Canadiens,5,Vancouver Canucks,2,Regulation
2021-01-23,7:00 PM,8:00 PM,Los Angeles Kings,2,St. Louis Blues,4,Regulation
2021-01-23,9:00 PM,10:00 PM,Ottawa Senators,3,Winnipeg Jets,6,Regulation
2021-01-24,11:30 AM,12:30 PM,Detroit Red Wings,2,Chicago Blackhawks,6,Regulation
2021-01-24,2:00 PM,3:00 PM,Buffalo Sabres,4,Washington Capitals,3,SO
2021-01-24,3:00 PM,4:00 PM,Toronto Maple Leafs,3,Calgary Flames,2,Regulation
2021-01-24,3:00 PM,4:00 PM,Vegas Golden Knights,1,Arizona Coyotes,0,Regulation
2021-01-24,6:00 PM,7:00 PM,New York Islanders,0,New Jersey Devils,2,Regulation
2021-01-24,6:00 PM,7:00 PM,New York Rangers,2,Pittsburgh Penguins,3,Regulation
2021-01-24,7:00 PM,8:00 PM,Los Angeles Kings,6,St. Louis Blues,3,Regulation
2021-01-24,7:00 PM,8:00 PM,San Jose Sharks,5,Minnesota Wild,3,Regulation
2021-01-24,7:00 PM,8:00 PM,Nashville Predators,2,Dallas Stars,3,Regulation
2021-01-24,7:00 PM,8:00 PM,Colorado Avalanche,1,Anaheim Ducks,3,Regulation
2021-01-24,8:00 PM,9:00 PM,Edmonton Oilers,4,Winnipeg Jets,3,Regulation
2021-01-25,9:00 PM,10:00 PM,Ottawa Senators,1,Vancouver Canucks,7,Regulation
2021-01-26,6:00 PM,7:00 PM,Pittsburgh Penguins,2,Boston Bruins,3,OT
2021-01-26,6:00 PM,7:00 PM,New York Rangers,2,Buffalo Sabres,3,Regulation
2021-01-26,6:00 PM,7:00 PM,Philadelphia Flyers,5,New Jersey Devils,3,Regulation
2021-01-26,6:00 PM,7:00 PM,New York Islanders,2,Washington Capitals,3,Regulation
2021-01-26,6:00 PM,7:00 PM,Florida Panthers,4,Columbus Blue Jackets,3,SO
2021-01-26,7:00 PM,8:00 PM,Chicago Blackhawks,2,Nashville Predators,3,OT
2021-01-26,7:00 PM,8:00 PM,Edmonton Oilers,4,Winnipeg Jets,6,Regulation
2021-01-26,7:00 PM,8:00 PM,Los Angeles Kings,2,Minnesota Wild,1,Regulation
2021-01-26,7:30 PM,8:30 PM,Detroit Red Wings,1,Dallas Stars,2,OT
2021-01-26,8:00 PM,9:00 PM,Toronto Maple Leafs,4,Calgary Flames,3,Regulation
2021-01-26,8:00 PM,9:00 PM,San Jose Sharks,3,Colorado Avalanche,7,Regulation
2021-01-26,8:00 PM,9:00 PM,Anaheim Ducks,1,Arizona Coyotes,0,Regulation
2021-01-26,8:00 PM,9:00 PM,St. Louis Blues,5,Vegas Golden Knights,4,SO
2021-01-27,6:30 PM,7:30 PM,Chicago Blackhawks,1,Nashville Predators,2,SO
2021-01-27,7:00 PM,8:00 PM,Ottawa Senators,1,Vancouver Canucks,5,Regulation
2021-01-28,6:00 PM,7:00 PM,Pittsburgh Penguins,1,Boston Bruins,4,Regulation
2021-01-28,6:00 PM,7:00 PM,New York Rangers,3,Buffalo Sabres,2,OT
2021-01-28,6:00 PM,7:00 PM,Philadelphia Flyers,3,New Jersey Devils,1,Regulation
2021-01-28,6:00 PM,7:00 PM,New York Islanders,3,Washington Capitals,6,Regulation
2021-01-28,6:00 PM,7:00 PM,Tampa Bay Lightning,0,Carolina Hurricanes,1,OT
2021-01-28,6:00 PM,7:00 PM,Florida Panthers,2,Columbus Blue Jackets,3,SO
2021-01-28,6:00 PM,7:00 PM,Calgary Flames,2,Montreal Canadiens,4,Regulation
2021-01-28,7:00 PM,8:00 PM,Los Angeles Kings,3,Minnesota Wild,5,Regulation
2021-01-28,7:30 PM,8:30 PM,Detroit Red Wings,3,Dallas Stars,7,Regulation
2021-01-28,8:00 PM,9:00 PM,San Jose Sharks,0,Colorado Avalanche,3,Regulation
2021-01-28,8:00 PM,9:00 PM,Anaheim Ducks,2,Arizona Coyotes,3,Regulation
2021-01-28,9:00 PM,10:00 PM,Toronto Maple Leafs,4,Edmonton Oilers,3,Regulation
2021-01-28,9:00 PM,10:00 PM,Ottawa Senators,1,Vancouver Canucks,4,Regulation
2021-01-29,7:00 PM,8:00 PM,Columbus Blue Jackets,2,Chicago Blackhawks,1,Regulation
2021-01-30,12:00 PM,1:00 PM,New Jersey Devils,3,Buffalo Sabres,4,SO
2021-01-30,6:00 PM,7:00 PM,Pittsburgh Penguins,5,New York Rangers,4,OT
2021-01-30,6:00 PM,7:00 PM,New York Islanders,2,Philadelphia Flyers,3,OT
2021-01-30,6:00 PM,7:00 PM,Boston Bruins,3,Washington Capitals,4,OT
2021-01-30,6:00 PM,7:00 PM,Dallas Stars,1,Carolina Hurricanes,4,Regulation
2021-01-30,6:00 PM,7:00 PM,Nashville Predators,3,Tampa Bay Lightning,4,Regulation
2021-01-30,6:00 PM,7:00 PM,Florida Panthers,3,Detroit Red Wings,2,OT
2021-01-30,6:00 PM,7:00 PM,Calgary Flames,2,Montreal Canadiens,0,Regulation
2021-01-30,6:00 PM,7:00 PM,Toronto Maple Leafs,3,Edmonton Oilers,4,OT
2021-01-30,7:00 PM,8:00 PM,Colorado Avalanche,5,Minnesota Wild,1,Regulation
2021-01-30,8:00 PM,9:00 PM,St. Louis Blues,6,Anaheim Ducks,1,Regulation
2021-01-30,9:00 PM,10:00 PM,Vancouver Canucks,4,Winnipeg Jets,1,Regulation
2021-01-31,12:00 PM,1:00 PM,New Jersey Devils,5,Buffalo Sabres,3,Regulation
2021-01-31,4:00 PM,5:00 PM,Dallas Stars,3,Carolina Hurricanes,4,SO
2021-01-31,4:00 PM,5:00 PM,Florida Panthers,3,Detroit Red Wings,2,Regulation
2021-01-31,6:00 PM,7:00 PM,New York Islanders,3,Philadelphia Flyers,4,OT
2021-01-31,6:00 PM,7:00 PM,Columbus Blue Jackets,1,Chicago Blackhawks,3,Regulation
2021-01-31,7:00 PM,8:00 PM,Colorado Avalanche,3,Minnesota Wild,4,OT
2021-01-31,7:00 PM,8:00 PM,St. Louis Blues,4,Anaheim Ducks,1,Regulation
2021-01-31,8:00 PM,9:00 PM,Ottawa Senators,5,Edmonton Oilers,8,Regulation
2021-02-01,6:00 PM,7:00 PM,Pittsburgh Penguins,1,New York Rangers,3,Regulation
2021-02-01,6:00 PM,7:00 PM,Boston Bruins,5,Washington Capitals,3,Regulation
2021-02-01,6:00 PM,7:00 PM,Nashville Predators,2,Tampa Bay Lightning,5,Regulation
2021-02-01,6:00 PM,7:00 PM,Vancouver Canucks,2,Montreal Canadiens,6,Regulation
2021-02-01,7:00 PM,8:00 PM,Calgary Flames,4,Winnipeg Jets,3,SO
2021-02-02,6:00 PM,7:00 PM,Dallas Stars,6,Columbus Blue Jackets,3,Regulation
2021-02-02,6:00 PM,7:00 PM,Vancouver Canucks,3,Montreal Canadiens,5,Regulation
2021-02-02,7:00 PM,8:00 PM,Carolina Hurricanes,4,Chicago Blackhawks,3,SO
2021-02-02,7:00 PM,8:00 PM,Arizona Coyotes,3,St. Louis Blues,4,Regulation
2021-02-02,7:00 PM,8:00 PM,Calgary Flames,2,Winnipeg Jets,3,Regulation
2021-02-02,7:30 PM,8:30 PM,Minnesota Wild,1,Colorado Avalanche,2,Regulation
2021-02-02,9:00 PM,10:00 PM,Ottawa Senators,2,Edmonton Oilers,4,Regulation
2021-02-02,9:00 PM,10:00 PM,Anaheim Ducks,3,Los Angeles Kings,1,Regulation
2021-02-03,4:30 PM,5:30 PM,Detroit Red Wings,1,Tampa Bay Lightning,5,Regulation
2021-02-03,7:00 PM,8:00 PM,Boston Bruins,4,Philadelphia Flyers,3,OT
2021-02-04,6:00 PM,7:00 PM,Washington Capitals,2,New York Rangers,4,Regulation
2021-02-04,6:00 PM,7:00 PM,Nashville Predators,6,Florida Panthers,5,OT
2021-02-04,6:00 PM,7:00 PM,Dallas Stars,3,Columbus Blue Jackets,4,Regulation
2021-02-04,6:00 PM,7:00 PM,Ottawa Senators,3,Montreal Canadiens,2,Regulation
2021-02-04,6:00 PM,7:00 PM,Vancouver Canucks,3,Toronto Maple Leafs,7,Regulation
2021-02-04,7:00 PM,8:00 PM,Carolina Hurricanes,4,Chicago Blackhawks,6,Regulation
2021-02-04,7:00 PM,8:00 PM,Arizona Coyotes,4,St. Louis Blues,3,Regulation
2021-02-04,7:00 PM,8:00 PM,Calgary Flames,1,Winnipeg Jets,4,Regulation
2021-02-05,6:00 PM,7:00 PM,Boston Bruins,2,Philadelphia Flyers,1,Regulation
2021-02-05,6:00 PM,7:00 PM,Detroit Red Wings,1,Tampa Bay Lightning,3,Regulation
2021-02-05,6:00 PM,7:00 PM,Nashville Predators,1,Florida Panthers,2,Regulation
2021-02-05,9:00 PM,10:00 PM,Los Angeles Kings,2,Vegas Golden Knights,5,Regulation
2021-02-05,9:00 PM,10:00 PM,San Jose Sharks,5,Anaheim Ducks,4,SO
2021-02-06,12:00 PM,1:00 PM,Montreal Canadiens,2,Ottawa Senators,1,Regulation
2021-02-06,2:00 PM,3:00 PM,Arizona Coyotes,3,St. Louis Blues,1,Regulation
2021-02-06,6:00 PM,7:00 PM,Pittsburgh Penguins,3,New York Islanders,4,Regulation
2021-02-06,6:00 PM,7:00 PM,Vancouver Canucks,1,Toronto Maple Leafs,5,Regulation
2021-02-06,9:00 PM,10:00 PM,Edmonton Oilers,4,Calgary Flames,6,Regulation
2021-02-06,9:00 PM,10:00 PM,San Jose Sharks,1,Anaheim Ducks,2,SO
2021-02-07,11:00 AM,12:00 PM,Philadelphia Flyers,7,Washington Capitals,4,Regulation
2021-02-07,2:00 PM,3:00 PM,Detroit Red Wings,4,Florida Panthers,1,Regulation
2021-02-07,2:00 PM,3:00 PM,Carolina Hurricanes,6,Columbus Blue Jackets,5,Regulation
2021-02-07,2:00 PM,3:00 PM,Chicago Blackhawks,2,Dallas Stars,1,OT
2021-02-07,2:00 PM,3:00 PM,Los Angeles Kings,3,Vegas Golden Knights,4,Regulation
2021-02-08,6:00 PM,7:00 PM,New York Islanders,2,New York Rangers,0,Regulation
2021-02-08,6:00 PM,7:00 PM,Carolina Hurricanes,2,Columbus Blue Jackets,3,Regulation
2021-02-08,6:00 PM,7:00 PM,Edmonton Oilers,3,Ottawa Senators,1,Regulation
2021-02-08,6:00 PM,7:00 PM,Vancouver Canucks,1,Toronto Maple Leafs,3,Regulation
2021-02-08,7:00 PM,8:00 PM,Tampa Bay Lightning,4,Nashville Predators,1,Regulation
2021-02-08,7:00 PM,8:00 PM,Arizona Coyotes,4,St. Louis Blues,3,SO
2021-02-09,6:00 PM,7:00 PM,Detroit Red Wings,1,Florida Panthers,2,Regulation
2021-02-09,6:00 PM,7:00 PM,Edmonton Oilers,3,Ottawa Senators,2,Regulation
2021-02-09,7:30 PM,8:30 PM,Tampa Bay Lightning,6,Nashville Predators,1,Regulation
2021-02-09,7:30 PM,8:30 PM,Chicago Blackhawks,2,Dallas Stars,1,OT
2021-02-09,9:00 PM,10:00 PM,Winnipeg Jets,2,Calgary Flames,3,Regulation
2021-02-09,9:00 PM,10:00 PM,Anaheim Ducks,4,Vegas Golden Knights,5,Regulation
2021-02-09,9:00 PM,10:00 PM,San Jose Sharks,4,Los Angeles Kings,3,SO
2021-02-10,6:00 PM,7:00 PM,Boston Bruins,3,New York Rangers,2,OT
2021-02-10,6:30 PM,7:30 PM,Toronto Maple Leafs,4,Montreal Canadiens,2,Regulation
2021-02-11,6:00 PM,7:00 PM,Pittsburgh Penguins,4,New York Islanders,3,SO
2021-02-11,6:00 PM,7:00 PM,Tampa Bay Lightning,2,Florida Panthers,5,Regulation
2021-02-11,7:00 PM,8:00 PM,Columbus Blue Jackets,6,Chicago Blackhawks,5,Regulation
2021-02-11,7:00 PM,8:00 PM,Detroit Red Wings,2,Nashville Predators,3,Regulation
2021-02-11,7:00 PM,8:00 PM,Edmonton Oilers,3,Montreal Canadiens,0,Regulation
2021-02-11,7:00 PM,8:00 PM,Ottawa Senators,1,Winnipeg Jets,5,Regulation
2021-02-11,7:30 PM,8:30 PM,Carolina Hurricanes,5,Dallas Stars,3,Regulation
2021-02-11,9:00 PM,10:00 PM,Calgary Flames,3,Vancouver Canucks,1,Regulation
2021-02-11,9:00 PM,10:00 PM,Anaheim Ducks,1,Vegas Golden Knights,0,Regulation
2021-02-11,9:00 PM,10:00 PM,San Jose Sharks,2,Los Angeles Kings,6,Regulation
2021-02-12,6:00 PM,7:00 PM,Boston Bruins,1,New York Rangers,0,Regulation
2021-02-12,8:00 PM,9:00 PM,St. Louis Blues,4,Arizona Coyotes,1,Regulation
2021-02-13,2:00 PM,3:00 PM,Ottawa Senators,2,Winnipeg Jets,1,Regulation
2021-02-13,3:00 PM,4:00 PM,Vegas Golden Knights,3,San Jose Sharks,1,Regulation
2021-02-13,6:00 PM,7:00 PM,Boston Bruins,2,New York Islanders,4,Regulation
2021-02-13,6:00 PM,7:00 PM,Tampa Bay Lightning,6,Florida Panthers,1,Regulation
2021-02-13,6:00 PM,7:00 PM,Montreal Canadiens,2,Toronto Maple Leafs,1,Regulation
2021-02-13,7:00 PM,8:00 PM,Columbus Blue Jackets,2,Chicago Blackhawks,3,OT
2021-02-13,7:00 PM,8:00 PM,Detroit Red Wings,4,Nashville Predators,2,Regulation
2021-02-13,7:00 PM,8:00 PM,Carolina Hurricanes,4,Dallas Stars,3,SO
2021-02-13,7:00 PM,8:00 PM,St. Louis Blues,5,Arizona Coyotes,4,OT
2021-02-13,9:00 PM,10:00 PM,Calgary Flames,1,Vancouver Canucks,3,Regulation
2021-02-14,2:00 PM,3:00 PM,Washington Capitals,3,Pittsburgh Penguins,6,Regulation
2021-02-14,6:00 PM,7:00 PM,Colorado Avalanche,0,Vegas Golden Knights,1,Regulation
2021-02-15,3:00 PM,4:00 PM,St. Louis Blues,0,Arizona Coyotes,1,Regulation
2021-02-15,6:00 PM,7:00 PM,New York Islanders,3,Buffalo Sabres,1,Regulation
2021-02-15,6:00 PM,7:00 PM,Ottawa Senators,6,Toronto Maple Leafs,5,OT
2021-02-15,6:00 PM,7:00 PM,Columbus Blue Jackets,3,Carolina Hurricanes,7,Regulation
2021-02-15,6:00 PM,7:00 PM,Florida Panthers,6,Tampa Bay Lightning,4,Regulation
2021-02-15,6:30 PM,7:30 PM,Chicago Blackhawks,3,Detroit Red Wings,2,OT
2021-02-15,8:00 PM,9:00 PM,Winnipeg Jets,6,Edmonton Oilers,5,Regulation
2021-02-15,9:00 PM,10:00 PM,Calgary Flames,4,Vancouver Canucks,3,OT
2021-02-15,9:30 PM,10:30 PM,Anaheim Ducks,2,San Jose Sharks,3,Regulation
2021-02-16,6:00 PM,7:00 PM,New York Islanders,3,Buffalo Sabres,0,Regulation
2021-02-16,6:00 PM,7:00 PM,Washington Capitals,3,Pittsburgh Penguins,1,Regulation
2021-02-16,6:00 PM,7:00 PM,New Jersey Devils,5,New York Rangers,2,Regulation
2021-02-16,9:00 PM,10:00 PM,Colorado Avalanche,3,Vegas Golden Knights,2,Regulation
2021-02-16,9:00 PM,10:00 PM,Minnesota Wild,0,Los Angeles Kings,4,Regulation
2021-02-17,4:00 PM,5:00 PM,Florida Panthers,4,Carolina Hurricanes,3,OT
2021-02-17,6:00 PM,7:00 PM,Ottawa Senators,1,Toronto Maple Leafs,2,Regulation
2021-02-17,6:30 PM,7:30 PM,Chicago Blackhawks,2,Detroit Red Wings,0,Regulation
2021-02-17,9:00 PM,10:00 PM,Vancouver Canucks,5,Calgary Flames,1,Regulation
2021-02-17,9:00 PM,10:00 PM,Winnipeg Jets,2,Edmonton Oilers,3,Regulation
2021-02-18,6:00 PM,7:00 PM,New Jersey Devils,3,Boston Bruins,2,Regulation
2021-02-18,6:00 PM,7:00 PM,New York Rangers,3,Philadelphia Flyers,2,SO
2021-02-18,6:00 PM,7:00 PM,New York Islanders,1,Pittsburgh Penguins,4,Regulation
2021-02-18,6:00 PM,7:00 PM,Nashville Predators,0,Columbus Blue Jackets,3,Regulation
2021-02-18,6:00 PM,7:00 PM,Ottawa Senators,3,Toronto Maple Leafs,7,Regulation
2021-02-18,6:00 PM,7:00 PM,Buffalo Sabres,1,Washington Capitals,3,Regulation
2021-02-18,7:00 PM,8:00 PM,San Jose Sharks,2,St. Louis Blues,3,OT
2021-02-18,8:00 PM,9:00 PM,Los Angeles Kings,3,Arizona Coyotes,2,SO
2021-02-18,9:00 PM,10:00 PM,Minnesota Wild,3,Anaheim Ducks,1,Regulation
2021-02-19,6:00 PM,7:00 PM,Chicago Blackhawks,3,Carolina Hurricanes,5,Regulation
2021-02-19,6:00 PM,7:00 PM,Florida Panthers,7,Detroit Red Wings,2,Regulation
2021-02-19,8:00 PM,9:00 PM,Edmonton Oilers,2,Calgary Flames,1,Regulation
2021-02-19,9:00 PM,10:00 PM,Winnipeg Jets,2,Vancouver Canucks,0,Regulation
2021-02-20,11:30 AM,12:30 PM,Buffalo Sabres,3,New Jersey Devils,2,Regulation
2021-02-20,11:30 AM,12:30 PM,New York Rangers,4,Washington Capitals,1,Regulation
2021-02-20,2:00 PM,3:00 PM,Vegas Golden Knights,2,Colorado Avalanche,3,Regulation
2021-02-20,4:00 PM,5:00 PM,Florida Panthers,1,Detroit Red Wings,2,Regulation
2021-02-20,6:00 PM,7:00 PM,New York Islanders,2,Pittsburgh Penguins,3,Regulation
2021-02-20,6:00 PM,7:00 PM,Nashville Predators,4,Columbus Blue Jackets,2,Regulation
2021-02-20,6:00 PM,7:00 PM,San Jose Sharks,5,St. Louis Blues,4,Regulation
2021-02-20,6:00 PM,7:00 PM,Toronto Maple Leafs,5,Montreal Canadiens,3,Regulation
2021-02-20,6:00 PM,7:00 PM,Los Angeles Kings,4,Arizona Coyotes,2,Regulation
2021-02-20,6:00 PM,7:00 PM,Tampa Bay Lightning,0,Carolina Hurricanes,4,Regulation
2021-02-20,8:00 PM,9:00 PM,Minnesota Wild,5,Anaheim Ducks,1,Regulation
2021-02-20,9:00 PM,10:00 PM,Calgary Flames,1,Edmonton Oilers,7,Regulation
2021-02-21,1:00 PM,2:00 PM,New Jersey Devils,3,Washington Capitals,4,Regulation
2021-02-21,6:00 PM,7:00 PM,Montreal Canadiens,2,Ottawa Senators,3,OT
2021-02-21,6:30 PM,7:30 PM,Philadelphia Flyers,3,Boston Bruins,7,Regulation
2021-02-21,9:00 PM,10:00 PM,Winnipeg Jets,4,Vancouver Canucks,3,OT
2021-02-22,6:00 PM,7:00 PM,Dallas Stars,1,Florida Panthers,3,Regulation
2021-02-22,6:00 PM,7:00 PM,Tampa Bay Lightning,4,Carolina Hurricanes,2,Regulation
2021-02-22,6:00 PM,7:00 PM,Buffalo Sabres,2,New York Islanders,3,Regulation
2021-02-22,6:00 PM,7:00 PM,Calgary Flames,3,Toronto Maple Leafs,0,Regulation
2021-02-22,7:00 PM,8:00 PM,Los Angeles Kings,3,St. Louis Blues,0,Regulation
2021-02-22,8:00 PM,9:00 PM,Vegas Golden Knights,3,Colorado Avalanche,0,Regulation
2021-02-22,8:00 PM,9:00 PM,Anaheim Ducks,3,Arizona Coyotes,4,Regulation
2021-02-22,9:30 PM,10:30 PM,Minnesota Wild,6,San Jose Sharks,2,Regulation
2021-02-23,6:00 PM,7:00 PM,Buffalo Sabres,4,New Jersey Devils,1,Regulation
2021-02-23,6:00 PM,7:00 PM,Pittsburgh Penguins,3,Washington Capitals,2,OT
2021-02-23,6:00 PM,7:00 PM,Chicago Blackhawks,6,Columbus Blue Jackets,5,SO
2021-02-23,6:00 PM,7:00 PM,Montreal Canadiens,4,Ottawa Senators,5,SO
2021-02-23,6:30 PM,7:30 PM,Nashville Predators,2,Detroit Red Wings,0,Regulation
2021-02-23,9:00 PM,10:00 PM,Edmonton Oilers,4,Vancouver Canucks,3,Regulation
2021-02-24,4:00 PM,5:00 PM,Carolina Hurricanes,0,Tampa Bay Lightning,3,Regulation
2021-02-24,4:00 PM,5:00 PM,Dallas Stars,3,Florida Panthers,0,Regulation
2021-02-24,6:00 PM,7:00 PM,New York Rangers,3,Philadelphia Flyers,4,Regulation
2021-02-24,6:00 PM,7:00 PM,Calgary Flames,1,Toronto Maple Leafs,2,OT
2021-02-24,8:00 PM,9:00 PM,Minnesota Wild,6,Colorado Avalanche,2,Regulation
2021-02-24,8:00 PM,9:00 PM,Anaheim Ducks,3,Arizona Coyotes,4,SO
2021-02-24,8:30 PM,9:30 PM,Los Angeles Kings,2,St. Louis Blues,1,Regulation
2021-02-25,6:00 PM,7:00 PM,Boston Bruins,2,New York Islanders,7,Regulation
2021-02-25,6:00 PM,7:00 PM,Pittsburgh Penguins,2,Washington Capitals,5,Regulation
2021-02-25,6:00 PM,7:00 PM,Carolina Hurricanes,1,Tampa Bay Lightning,3,Regulation
2021-02-25,6:00 PM,7:00 PM,Dallas Stars,2,Florida Panthers,3,Regulation
2021-02-25,6:00 PM,7:00 PM,Chicago Blackhawks,2,Columbus Blue Jackets,0,Regulation
2021-02-25,6:00 PM,7:00 PM,Calgary Flames,1,Ottawa Senators,6,Regulation
2021-02-25,6:00 PM,7:00 PM,New Jersey Devils,4,Buffalo Sabres,3,OT
2021-02-25,6:30 PM,7:30 PM,Nashville Predators,2,Detroit Red Wings,5,Regulation
2021-02-25,7:00 PM,8:00 PM,Montreal Canadiens,3,Winnipeg Jets,6,Regulation
2021-02-25,9:00 PM,10:00 PM,Edmonton Oilers,3,Vancouver Canucks,0,Regulation
2021-02-26,6:00 PM,7:00 PM,Boston Bruins,2,New York Rangers,6,Regulation
2021-02-26,7:00 PM,8:00 PM,Los Angeles Kings,1,Minnesota Wild,3,Regulation
2021-02-26,8:00 PM,9:00 PM,Colorado Avalanche,3,Arizona Coyotes,2,Regulation
2021-02-27,12:00 PM,1:00 PM,Philadelphia Flyers,3,Buffalo Sabres,0,Regulation
2021-02-27,12:00 PM,1:00 PM,Washington Capitals,5,New Jersey Devils,2,Regulation
2021-02-27,12:00 PM,1:00 PM,Calgary Flames,6,Ottawa Senators,3,Regulation
2021-02-27,2:00 PM,3:00 PM,Columbus Blue Jackets,1,Nashville Predators,2,Regulation
2021-02-27,6:00 PM,7:00 PM,Pittsburgh Penguins,4,New York Islanders,3,OT
2021-02-27,6:00 PM,7:00 PM,Dallas Stars,0,Tampa Bay Lightning,5,Regulation
2021-02-27,6:00 PM,7:00 PM,Carolina Hurricanes,4,Florida Panthers,3,SO
2021-02-27,6:00 PM,7:00 PM,Toronto Maple Leafs,4,Edmonton Oilers,0,Regulation
2021-02-27,7:00 PM,8:00 PM,Detroit Red Wings,5,Chicago Blackhawks,3,Regulation
2021-02-27,7:00 PM,8:00 PM,Los Angeles Kings,3,Minnesota Wild,4,OT
2021-02-27,8:00 PM,9:00 PM,Colorado Avalanche,6,Arizona Coyotes,2,Regulation
2021-02-27,9:00 PM,10:00 PM,Montreal Canadiens,1,Winnipeg Jets,2,OT
2021-02-27,9:00 PM,10:00 PM,Vegas Golden Knights,3,Anaheim Ducks,2,OT
2021-02-27,9:30 PM,10:30 PM,St. Louis Blues,7,San Jose Sharks,6,Regulation
2021-02-28,11:00 AM,12:00 PM,Boston Bruins,4,New York Rangers,1,Regulation
2021-02-28,2:00 PM,3:00 PM,Philadelphia Flyers,3,Buffalo Sabres,0,Regulation
2021-02-28,2:00 PM,3:00 PM,Columbus Blue Jackets,1,Nashville Predators,3,Regulation
2021-02-28,2:00 PM,3:00 PM,Washington Capitals,3,New Jersey Devils,2,Regulation
2021-02-28,4:00 PM,5:00 PM,Pittsburgh Penguins,0,New York Islanders,2,Regulation
2021-02-28,6:00 PM,7:00 PM,Detroit Red Wings,2,Chicago Blackhawks,7,Regulation
2021-03-01,6:00 PM,7:00 PM,Carolina Hurricanes,3,Florida Panthers,2,OT
2021-03-01,6:00 PM,7:00 PM,Calgary Flames,1,Ottawa Senators,5,Regulation
2021-03-01,7:00 PM,8:00 PM,Vancouver Canucks,4,Winnipeg Jets,0,Regulation
2021-03-01,9:00 PM,10:00 PM,Toronto Maple Leafs,3,Edmonton Oilers,0,Regulation
2021-03-01,9:00 PM,10:00 PM,Minnesota Wild,4,Vegas Golden Knights,5,OT
2021-03-01,9:00 PM,10:00 PM,St. Louis Blues,5,Anaheim Ducks,4,Regulation
2021-03-01,9:30 PM,10:30 PM,Colorado Avalanche,2,San Jose Sharks,6,Regulation
2021-03-02,6:00 PM,7:00 PM,New York Islanders,2,New Jersey Devils,1,Regulation
2021-03-02,6:00 PM,7:00 PM,Buffalo Sabres,2,New York Rangers,3,Regulation
2021-03-02,6:00 PM,7:00 PM,Philadelphia Flyers,2,Pittsburgh Penguins,5,Regulation
2021-03-02,6:00 PM,7:00 PM,Detroit Red Wings,1,Columbus Blue Jackets,4,Regulation
2021-03-02,6:00 PM,7:00 PM,Ottawa Senators,1,Montreal Canadiens,3,Regulation
2021-03-02,7:00 PM,8:00 PM,Carolina Hurricanes,4,Nashville Predators,2,Regulation
2021-03-02,7:00 PM,8:00 PM,Vancouver Canucks,2,Winnipeg Jets,5,Regulation
2021-03-02,7:30 PM,8:30 PM,Tampa Bay Lightning,2,Dallas Stars,0,Regulation
2021-03-03,6:00 PM,7:00 PM,Washington Capitals,2,Boston Bruins,1,SO
2021-03-03,7:00 PM,8:00 PM,Toronto Maple Leafs,6,Edmonton Oilers,1,Regulation
2021-03-03,8:30 PM,9:30 PM,St. Louis Blues,3,Anaheim Ducks,2,Regulation
2021-03-03,9:00 PM,10:00 PM,Minnesota Wild,1,Vegas Golden Knights,5,Regulation
2021-03-03,9:00 PM,10:00 PM,Arizona Coyotes,3,Los Angeles Kings,2,Regulation
2021-03-03,9:30 PM,10:30 PM,Colorado Avalanche,4,San Jose Sharks,0,Regulation
2021-03-04,6:00 PM,7:00 PM,Buffalo Sabres,2,New York Islanders,5,Regulation
2021-03-04,6:00 PM,7:00 PM,New York Rangers,6,New Jersey Devils,1,Regulation
2021-03-04,6:00 PM,7:00 PM,Detroit Red Wings,2,Carolina Hurricanes,5,Regulation
2021-03-04,6:00 PM,7:00 PM,Philadelphia Flyers,4,Pittsburgh Penguins,3,Regulation
2021-03-04,6:00 PM,7:00 PM,Winnipeg Jets,4,Montreal Canadiens,3,OT
2021-03-04,7:00 PM,8:00 PM,Tampa Bay Lightning,3,Chicago Blackhawks,2,OT
2021-03-04,7:00 PM,8:00 PM,Florida Panthers,5,Nashville Predators,4,Regulation
2021-03-04,7:30 PM,8:30 PM,Columbus Blue Jackets,3,Dallas Stars,2,Regulation
2021-03-04,8:00 PM,9:00 PM,Ottawa Senators,3,Calgary Flames,7,Regulation
2021-03-04,9:00 PM,10:00 PM,Toronto Maple Leafs,1,Vancouver Canucks,3,Regulation
2021-03-05,6:00 PM,7:00 PM,Washington Capitals,1,Boston Bruins,5,Regulation
2021-03-05,7:00 PM,8:00 PM,Tampa Bay Lightning,3,Chicago Blackhawks,4,SO
2021-03-05,8:00 PM,9:00 PM,Anaheim Ducks,2,Colorado Avalanche,3,OT
2021-03-05,8:00 PM,9:00 PM,Minnesota Wild,5,Arizona Coyotes,1,Regulation
2021-03-05,8:00 PM,9:00 PM,St. Louis Blues,3,Los Angeles Kings,2,OT
2021-03-05,9:30 PM,10:30 PM,Vegas Golden Knights,5,San Jose Sharks,4,OT
2021-03-06,12:00 PM,1:00 PM,New York Rangers,6,New Jersey Devils,3,Regulation
2021-03-06,12:00 PM,1:00 PM,Buffalo Sabres,2,New York Islanders,5,Regulation
2021-03-06,12:00 PM,1:00 PM,Philadelphia Flyers,3,Pittsburgh Penguins,4,Regulation
2021-03-06,1:00 PM,2:00 PM,Florida Panthers,6,Nashville Predators,2,Regulation
2021-03-06,6:00 PM,7:00 PM,Winnipeg Jets,1,Montreal Canadiens,7,Regulation
2021-03-06,6:00 PM,7:00 PM,Toronto Maple Leafs,2,Vancouver Canucks,4,Regulation
2021-03-06,6:00 PM,7:00 PM,Minnesota Wild,2,Arizona Coyotes,5,Regulation
2021-03-06,7:00 PM,8:00 PM,Columbus Blue Jackets,0,Dallas Stars,5,Regulation
2021-03-06,7:00 PM,8:00 PM,Anaheim Ducks,5,Colorado Avalanche,4,OT
2021-03-06,8:00 PM,9:00 PM,St. Louis Blues,3,Los Angeles Kings,4,OT
2021-03-06,9:00 PM,10:00 PM,Calgary Flames,2,Edmonton Oilers,3,Regulation
2021-03-06,9:30 PM,10:30 PM,Vegas Golden Knights,4,San Jose Sharks,0,Regulation
2021-03-07,11:00 AM,12:00 PM,Buffalo Sabres,2,New York Islanders,5,Regulation
2021-03-07,1:30 PM,2:30 PM,Tampa Bay Lightning,6,Chicago Blackhawks,3,Regulation
2021-03-07,4:00 PM,5:00 PM,Florida Panthers,2,Carolina Hurricanes,4,Regulation
2021-03-07,4:00 PM,5:00 PM,New Jersey Devils,1,Boston Bruins,0,Regulation
2021-03-07,6:00 PM,7:00 PM,Washington Capitals,3,Philadelphia Flyers,1,Regulation
2021-03-07,6:30 PM,7:30 PM,New York Rangers,1,Pittsburgh Penguins,5,Regulation
2021-03-07,7:00 PM,8:00 PM,Nashville Predators,4,Dallas Stars,3,SO
2021-03-07,8:30 PM,9:30 PM,Ottawa Senators,4,Calgary Flames,3,SO
2021-03-08,7:00 PM,8:00 PM,Vegas Golden Knights,0,Minnesota Wild,2,Regulation
2021-03-08,8:00 PM,9:00 PM,St. Louis Blues,2,San Jose Sharks,3,OT
2021-03-08,8:00 PM,9:00 PM,Ottawa Senators,2,Edmonton Oilers,3,Regulation
2021-03-08,8:00 PM,9:00 PM,Arizona Coyotes,3,Colorado Avalanche,2,Regulation
2021-03-08,9:00 PM,10:00 PM,Montreal Canadiens,1,Vancouver Canucks,2,SO
2021-03-08,9:00 PM,10:00 PM,Los Angeles Kings,5,Anaheim Ducks,6,OT
2021-03-09,5:00 PM,6:00 PM,New York Rangers,2,Pittsburgh Penguins,4,Regulation
2021-03-09,6:00 PM,7:00 PM,Boston Bruins,1,New York Islanders,2,SO
2021-03-09,6:00 PM,7:00 PM,Buffalo Sabres,4,Philadelphia Flyers,5,SO
2021-03-09,6:00 PM,7:00 PM,New Jersey Devils,4,Washington Capitals,5,OT
2021-03-09,6:00 PM,7:00 PM,Nashville Predators,2,Carolina Hurricanes,3,OT
2021-03-09,6:00 PM,7:00 PM,Florida Panthers,4,Columbus Blue Jackets,2,Regulation
2021-03-09,6:00 PM,7:00 PM,Winnipeg Jets,4,Toronto Maple Leafs,3,Regulation
2021-03-09,6:30 PM,7:30 PM,Tampa Bay Lightning,4,Detroit Red Wings,3,OT
2021-03-09,7:30 PM,8:30 PM,Chicago Blackhawks,1,Dallas Stars,6,Regulation
2021-03-10,6:00 PM,7:00 PM,Vegas Golden Knights,3,Minnesota Wild,4,Regulation
2021-03-10,7:00 PM,8:00 PM,Ottawa Senators,1,Edmonton Oilers,7,Regulation
2021-03-10,8:00 PM,9:00 PM,Arizona Coyotes,1,Colorado Avalanche,2,OT
2021-03-10,8:30 PM,9:30 PM,Los Angeles Kings,5,Anaheim Ducks,1,Regulation
2021-03-10,10:00 PM,11:00 PM,Montreal Canadiens,5,Vancouver Canucks,1,Regulation
2021-03-11,6:00 PM,7:00 PM,New York Rangers,0,Boston Bruins,4,Regulation
2021-03-11,6:00 PM,7:00 PM,Pittsburgh Penguins,5,Buffalo Sabres,2,Regulation
2021-03-11,6:00 PM,7:00 PM,New Jersey Devils,3,New York Islanders,5,Regulation
2021-03-11,6:00 PM,7:00 PM,Washington Capitals,5,Philadelphia Flyers,3,Regulation
2021-03-11,6:00 PM,7:00 PM,Nashville Predators,1,Carolina Hurricanes,5,Regulation
2021-03-11,6:00 PM,7:00 PM,Florida Panthers,5,Columbus Blue Jackets,4,OT
2021-03-11,6:00 PM,7:00 PM,Winnipeg Jets,3,Toronto Maple Leafs,4,OT
2021-03-11,6:30 PM,7:30 PM,Tampa Bay Lightning,4,Detroit Red Wings,6,Regulation
2021-03-11,7:30 PM,8:30 PM,Chicago Blackhawks,4,Dallas Stars,2,Regulation
2021-03-11,8:00 PM,9:00 PM,Montreal Canadiens,1,Calgary Flames,2,Regulation
2021-03-12,7:00 PM,8:00 PM,Vegas Golden Knights,5,St. Louis Blues,4,OT
2021-03-12,7:00 PM,8:00 PM,Arizona Coyotes,0,Minnesota Wild,4,Regulation
2021-03-12,8:00 PM,9:00 PM,Ottawa Senators,2,Edmonton Oilers,6,Regulation
2021-03-12,8:00 PM,9:00 PM,Los Angeles Kings,0,Colorado Avalanche,2,Regulation
2021-03-12,9:00 PM,10:00 PM,San Jose Sharks,6,Anaheim Ducks,0,Regulation
2021-03-13,12:00 PM,1:00 PM,New York Rangers,4,Boston Bruins,0,Regulation
2021-03-13,4:00 PM,5:00 PM,Dallas Stars,3,Columbus Blue Jackets,4,OT
2021-03-13,6:00 PM,7:00 PM,Pittsburgh Penguins,3,Buffalo Sabres,0,Regulation
2021-03-13,6:00 PM,7:00 PM,New York Islanders,3,New Jersey Devils,2,Regulation
2021-03-13,6:00 PM,7:00 PM,Washington Capitals,5,Philadelphia Flyers,4,Regulation
2021-03-13,6:00 PM,7:00 PM,Nashville Predators,3,Tampa Bay Lightning,6,Regulation
2021-03-13,6:00 PM,7:00 PM,Chicago Blackhawks,2,Florida Panthers,4,Regulation
2021-03-13,6:00 PM,7:00 PM,Winnipeg Jets,5,Toronto Maple Leafs,2,Regulation
2021-03-13,6:00 PM,7:00 PM,Montreal Canadiens,1,Calgary Flames,3,Regulation
2021-03-13,7:00 PM,8:00 PM,Vegas Golden Knights,5,St. Louis Blues,1,Regulation
2021-03-13,9:00 PM,10:00 PM,Edmonton Oilers,1,Vancouver Canucks,2,Regulation
2021-03-13,9:00 PM,10:00 PM,San Jose Sharks,3,Anaheim Ducks,1,Regulation
2021-03-14,12:00 PM,2:00 PM,Arizona Coyotes,1,Minnesota Wild,4,Regulation
2021-03-14,3:00 PM,5:00 PM,Carolina Hurricanes,2,Detroit Red Wings,1,Regulation
2021-03-14,3:00 PM,5:00 PM,Dallas Stars,2,Columbus Blue Jackets,1,SO
2021-03-14,3:00 PM,5:00 PM,New York Islanders,3,New Jersey Devils,2,SO
2021-03-14,3:30 PM,5:30 PM,Los Angeles Kings,1,Colorado Avalanche,4,Regulation
2021-03-14,5:00 PM,7:00 PM,Toronto Maple Leafs,3,Ottawa Senators,4,Regulation
2021-03-15,2:00 PM,4:00 PM,Nashville Predators,4,Tampa Bay Lightning,1,Regulation
2021-03-15,5:00 PM,7:00 PM,Washington Capitals,6,Buffalo Sabres,0,Regulation
2021-03-15,5:00 PM,7:00 PM,Philadelphia Flyers,5,New York Rangers,4,OT
2021-03-15,5:00 PM,7:00 PM,Chicago Blackhawks,3,Florida Panthers,6,Regulation
2021-03-15,5:00 PM,7:00 PM,Boston Bruins,1,Pittsburgh Penguins,4,Regulation
2021-03-15,5:00 PM,7:00 PM,Vancouver Canucks,3,Ottawa Senators,2,OT
2021-03-15,6:00 PM,8:00 PM,Montreal Canadiens,4,Winnipeg Jets,2,Regulation
2021-03-15,7:00 PM,9:00 PM,Edmonton Oilers,3,Calgary Flames,4,Regulation
2021-03-15,8:00 PM,10:00 PM,San Jose Sharks,1,Vegas Golden Knights,2,Regulation
2021-03-16,5:00 PM,7:00 PM,Buffalo Sabres,2,New Jersey Devils,3,Regulation
2021-03-16,5:00 PM,7:00 PM,New York Islanders,1,Washington Capitals,3,Regulation
2021-03-16,5:00 PM,7:00 PM,Boston Bruins,2,Pittsburgh Penguins,1,Regulation
2021-03-16,5:30 PM,7:30 PM,Carolina Hurricanes,2,Detroit Red Wings,4,Regulation
2021-03-16,6:00 PM,8:00 PM,Arizona Coyotes,0,Minnesota Wild,3,Regulation
2021-03-16,6:30 PM,8:30 PM,Tampa Bay Lightning,4,Dallas Stars,3,SO
2021-03-16,7:00 PM,9:00 PM,Anaheim Ducks,4,Colorado Avalanche,8,Regulation
2021-03-17,5:00 PM,7:00 PM,Vancouver Canucks,3,Ottawa Senators,2,SO
2021-03-17,5:30 PM,7:30 PM,Philadelphia Flyers,0,New York Rangers,9,Regulation
2021-03-17,7:00 PM,9:00 PM,Montreal Canadiens,3,Winnipeg Jets,4,OT
2021-03-17,8:00 PM,10:00 PM,Edmonton Oilers,7,Calgary Flames,3,Regulation
2021-03-17,8:00 PM,10:00 PM,San Jose Sharks,4,Vegas Golden Knights,5,Regulation
2021-03-17,8:00 PM,10:00 PM,St. Louis Blues,1,Los Angeles Kings,4,Regulation
2021-03-18,5:00 PM,7:00 PM,Pittsburgh Penguins,2,New Jersey Devils,3,Regulation
2021-03-18,5:00 PM,7:00 PM,Boston Bruins,4,Buffalo Sabres,1,Regulation
2021-03-18,5:00 PM,7:00 PM,Philadelphia Flyers,4,New York Islanders,3,Regulation
2021-03-18,5:00 PM,7:00 PM,Columbus Blue Jackets,3,Carolina Hurricanes,2,OT
2021-03-18,5:00 PM,7:00 PM,Chicago Blackhawks,2,Tampa Bay Lightning,4,Regulation
2021-03-18,5:00 PM,7:00 PM,Nashville Predators,2,Florida Panthers,1,Regulation
2021-03-18,5:30 PM,7:30 PM,Dallas Stars,2,Detroit Red Wings,3,Regulation
2021-03-18,7:00 PM,9:00 PM,Winnipeg Jets,1,Edmonton Oilers,2,Regulation
2021-03-18,7:00 PM,9:00 PM,Minnesota Wild,1,Colorado Avalanche,5,Regulation
2021-03-18,8:00 PM,10:00 PM,Arizona Coyotes,2,Anaheim Ducks,3,OT
2021-03-19,5:00 PM,7:00 PM,New York Rangers,1,Washington Capitals,2,Regulation
2021-03-19,5:00 PM,7:00 PM,Vancouver Canucks,3,Montreal Canadiens,2,OT
2021-03-19,5:00 PM,7:00 PM,Calgary Flames,4,Toronto Maple Leafs,3,Regulation
2021-03-19,7:00 PM,9:00 PM,St. Louis Blues,2,San Jose Sharks,1,SO
2021-03-19,8:00 PM,10:00 PM,Vegas Golden Knights,4,Los Angeles Kings,2,Regulation
2021-03-20,11:00 AM,1:00 PM,Pittsburgh Penguins,3,New Jersey Devils,1,Regulation
2021-03-20,12:00 PM,2:00 PM,Nashville Predators,0,Florida Panthers,2,Regulation
2021-03-20,1:00 PM,3:00 PM,Minnesota Wild,0,Colorado Avalanche,6,Regulation
2021-03-20,2:00 PM,4:00 PM,Chicago Blackhawks,1,Tampa Bay Lightning,4,Regulation
2021-03-20,5:00 PM,7:00 PM,New York Rangers,3,Washington Capitals,1,Regulation
2021-03-20,5:00 PM,7:00 PM,Philadelphia Flyers,1,New York Islanders,6,Regulation
2021-03-20,5:00 PM,7:00 PM,Columbus Blue Jackets,3,Carolina Hurricanes,2,SO
2021-03-20,5:00 PM,7:00 PM,Dallas Stars,3,Detroit Red Wings,0,Regulation
2021-03-20,5:00 PM,7:00 PM,Vancouver Canucks,4,Montreal Canadiens,5,SO
2021-03-20,5:00 PM,7:00 PM,Calgary Flames,0,Toronto Maple Leafs,2,Regulation
2021-03-20,6:00 PM,8:00 PM,Arizona Coyotes,5,Anaheim Ducks,1,Regulation
2021-03-20,7:00 PM,9:00 PM,St. Louis Blues,5,San Jose Sharks,2,Regulation
2021-03-20,8:00 PM,10:00 PM,Winnipeg Jets,2,Edmonton Oilers,4,Regulation
2021-03-21,11:00 AM,1:00 PM,New Jersey Devils,2,Pittsburgh Penguins,1,OT
2021-03-21,2:00 PM,4:00 PM,Florida Panthers,3,Tampa Bay Lightning,5,Regulation
2021-03-21,4:00 PM,6:00 PM,Vegas Golden Knights,1,Los Angeles Kings,3,Regulation
2021-03-21,6:30 PM,8:30 PM,Nashville Predators,4,Dallas Stars,3,SO
2021-03-22,5:00 PM,7:00 PM,Buffalo Sabres,3,New York Rangers,5,Regulation
2021-03-22,5:00 PM,7:00 PM,Carolina Hurricanes,3,Columbus Blue Jackets,0,Regulation
2021-03-22,5:00 PM,7:00 PM,Calgary Flames,1,Ottawa Senators,2,Regulation
2021-03-22,5:00 PM,7:00 PM,New York Islanders,2,Philadelphia Flyers,1,OT
2021-03-22,5:30 PM,7:30 PM,Anaheim Ducks,1,Minnesota Wild,2,Regulation
2021-03-22,8:00 PM,10:00 PM,St. Louis Blues,1,Vegas Golden Knights,5,Regulation
2021-03-22,8:00 PM,10:00 PM,Winnipeg Jets,4,Vancouver Canucks,0,Regulation
2021-03-22,8:00 PM,10:00 PM,Colorado Avalanche,5,Arizona Coyotes,1,Regulation
2021-03-22,8:30 PM,10:30 PM,Los Angeles Kings,1,San Jose Sharks,2,Regulation
2021-03-23,5:00 PM,7:00 PM,New Jersey Devils,4,Philadelphia Flyers,3,Regulation
2021-03-23,6:00 PM,8:00 PM,Florida Panthers,2,Chicago Blackhawks,3,Regulation
2021-03-23,6:00 PM,8:00 PM,Detroit Red Wings,0,Nashville Predators,2,Regulation
2021-03-23,6:30 PM,8:30 PM,Tampa Bay Lightning,2,Dallas Stars,1,Regulation
2021-03-23,8:00 PM,10:00 PM,Colorado Avalanche,4,Arizona Coyotes,5,SO
2021-03-24,3:00 PM,5:00 PM,Calgary Flames,1,Ottawa Senators,3,Regulation
2021-03-24,3:30 PM,5:30 PM,Anaheim Ducks,2,Minnesota Wild,3,Regulation
2021-03-24,6:00 PM,8:00 PM,Buffalo Sabres,2,Pittsburgh Penguins,5,Regulation
2021-03-24,8:30 PM,10:30 PM,Winnipeg Jets,5,Vancouver Canucks,1,Regulation
2021-03-24,8:30 PM,10:30 PM,Los Angeles Kings,2,San Jose Sharks,4,Regulation
2021-03-25,5:00 PM,7:00 PM,New York Islanders,4,Boston Bruins,3,OT
2021-03-25,5:00 PM,7:00 PM,New York Rangers,8,Philadelphia Flyers,3,Regulation
2021-03-25,5:00 PM,7:00 PM,New Jersey Devils,3,Washington Capitals,4,Regulation
2021-03-25,5:00 PM,7:00 PM,Carolina Hurricanes,4,Columbus Blue Jackets,3,OT
2021-03-25,5:00 PM,7:00 PM,Toronto Maple Leafs,3,Ottawa Senators,2,OT
2021-03-25,5:00 PM,7:00 PM,Buffalo Sabres,0,Pittsburgh Penguins,4,Regulation
2021-03-25,6:00 PM,8:00 PM,St. Louis Blues,0,Minnesota Wild,2,Regulation
2021-03-25,6:00 PM,8:00 PM,Florida Panthers,0,Chicago Blackhawks,3,Regulation
2021-03-25,6:00 PM,8:00 PM,Detroit Red Wings,1,Nashville Predators,7,Regulation
2021-03-25,6:30 PM,8:30 PM,Tampa Bay Lightning,3,Dallas Stars,4,Regulation
2021-03-25,7:00 PM,9:00 PM,Vegas Golden Knights,1,Colorado Avalanche,5,Regulation
2021-03-26,5:00 PM,7:00 PM,New Jersey Devils,0,Washington Capitals,4,Regulation
2021-03-26,6:00 PM,8:00 PM,Anaheim Ducks,4,St. Louis Blues,1,Regulation
2021-03-26,8:00 PM,10:00 PM,Winnipeg Jets,3,Calgary Flames,2,Regulation
2021-03-26,8:00 PM,10:00 PM,San Jose Sharks,2,Arizona Coyotes,5,Regulation
2021-03-27,11:00 AM,1:00 PM,Buffalo Sabres,2,Boston Bruins,3,Regulation
2021-03-27,11:00 AM,1:00 PM,New York Rangers,1,Philadelphia Flyers,2,Regulation
2021-03-27,1:00 PM,3:00 PM,Columbus Blue Jackets,1,Detroit Red Wings,3,Regulation
2021-03-27,1:00 PM,3:00 PM,Vegas Golden Knights,3,Colorado Avalanche,2,OT
2021-03-27,5:00 PM,7:00 PM,Tampa Bay Lightning,3,Carolina Hurricanes,4,Regulation
2021-03-27,5:00 PM,7:00 PM,Edmonton Oilers,3,Toronto Maple Leafs,4,OT
2021-03-27,5:00 PM,7:00 PM,New York Islanders,3,Pittsburgh Penguins,6,Regulation
2021-03-27,6:00 PM,8:00 PM,Nashville Predators,3,Chicago Blackhawks,1,Regulation
2021-03-27,6:00 PM,8:00 PM,Florida Panthers,4,Dallas Stars,3,OT
2021-03-27,8:00 PM,10:00 PM,Winnipeg Jets,2,Calgary Flames,4,Regulation
2021-03-27,8:00 PM,10:00 PM,San Jose Sharks,0,Arizona Coyotes,4,Regulation
2021-03-28,10:00 AM,12:00 PM,New York Rangers,4,Washington Capitals,5,Regulation
2021-03-28,1:00 PM,3:00 PM,Columbus Blue Jackets,1,Detroit Red Wings,4,Regulation
2021-03-28,3:00 PM,5:00 PM,Anaheim Ducks,3,St. Louis Blues,2,OT
2021-03-28,3:30 PM,5:30 PM,New Jersey Devils,1,Boston Bruins,0,Regulation
2021-03-28,4:00 PM,6:00 PM,Florida Panthers,4,Dallas Stars,1,Regulation
2021-03-28,6:00 PM,8:00 PM,Nashville Predators,3,Chicago Blackhawks,2,Regulation
2021-03-29,5:00 PM,7:00 PM,Philadelphia Flyers,4,Buffalo Sabres,3,OT
2021-03-29,5:00 PM,7:00 PM,New York Islanders,1,Pittsburgh Penguins,2,Regulation
2021-03-29,5:00 PM,7:00 PM,Edmonton Oilers,3,Toronto Maple Leafs,2,OT
2021-03-29,7:00 PM,9:00 PM,Anaheim Ducks,2,Colorado Avalanche,5,Regulation
2021-03-29,8:00 PM,10:00 PM,Winnipeg Jets,5,Calgary Flames,1,Regulation
2021-03-29,8:00 PM,10:00 PM,Los Angeles Kings,1,Vegas Golden Knights,4,Regulation
2021-03-29,8:30 PM,10:30 PM,Minnesota Wild,3,San Jose Sharks,4,SO
2021-03-30,5:00 PM,7:00 PM,Edmonton Oilers,0,Montreal Canadiens,4,Regulation
2021-03-30,5:00 PM,7:00 PM,New Jersey Devils,4,Boston Bruins,5,SO
2021-03-30,5:00 PM,7:00 PM,Washington Capitals,2,New York Rangers,5,Regulation
2021-03-30,5:00 PM,7:00 PM,Columbus Blue Jackets,3,Tampa Bay Lightning,1,Regulation
2021-03-30,5:00 PM,7:00 PM,Detroit Red Wings,1,Florida Panthers,4,Regulation
2021-03-30,5:30 PM,7:30 PM,Carolina Hurricanes,1,Chicago Blackhawks,2,Regulation
2021-03-30,6:00 PM,8:00 PM,Dallas Stars,2,Nashville Predators,3,OT
2021-03-31,5:30 PM,7:30 PM,Philadelphia Flyers,1,Buffalo Sabres,6,Regulation
2021-03-31,5:30 PM,7:30 PM,Toronto Maple Leafs,3,Winnipeg Jets,1,Regulation
2021-03-31,7:30 PM,9:30 PM,Arizona Coyotes,3,Colorado Avalanche,9,Regulation
2021-03-31,8:00 PM,10:00 PM,Los Angeles Kings,4,Vegas Golden Knights,2,Regulation
2021-03-31,8:30 PM,10:30 PM,Minnesota Wild,2,San Jose Sharks,4,Regulation
2021-04-01,5:00 PM,7:00 PM,Pittsburgh Penguins,4,Boston Bruins,1,Regulation
2021-04-01,5:00 PM,7:00 PM,New York Rangers,3,Buffalo Sabres,2,OT
2021-04-01,5:00 PM,7:00 PM,Washington Capitals,4,New York Islanders,8,Regulation
2021-04-01,5:00 PM,7:00 PM,Columbus Blue Jackets,2,Tampa Bay Lightning,3,Regulation
2021-04-01,5:00 PM,7:00 PM,Detroit Red Wings,2,Florida Panthers,3,OT
2021-04-01,5:00 PM,7:00 PM,Montreal Canadiens,4,Ottawa Senators,1,Regulation
2021-04-01,6:00 PM,8:00 PM,Carolina Hurricanes,4,Chicago Blackhawks,3,Regulation
2021-04-01,6:00 PM,8:00 PM,Dallas Stars,4,Nashville Predators,1,Regulation
2021-04-01,8:30 PM,10:30 PM,Minnesota Wild,3,Vegas Golden Knights,2,SO
2021-04-02,5:00 PM,7:00 PM,Washington Capitals,2,New Jersey Devils,1,OT
2021-04-02,6:00 PM,8:00 PM,Toronto Maple Leafs,2,Winnipeg Jets,1,SO
2021-04-02,7:00 PM,9:00 PM,Calgary Flames,2,Edmonton Oilers,3,Regulation
2021-04-02,7:00 PM,9:00 PM,St. Louis Blues,2,Colorado Avalanche,3,Regulation
2021-04-02,8:00 PM,10:00 PM,Arizona Coyotes,4,Anaheim Ducks,2,Regulation
2021-04-02,8:00 PM,10:00 PM,San Jose Sharks,3,Los Angeles Kings,0,Regulation
2021-04-03,11:00 AM,1:00 PM,Pittsburgh Penguins,5,Boston Bruins,7,Regulation
2021-04-03,11:00 AM,1:00 PM,Detroit Red Wings,1,Tampa Bay Lightning,2,Regulation
2021-04-03,1:00 PM,3:00 PM,Chicago Blackhawks,0,Nashville Predators,3,Regulation
2021-04-03,5:00 PM,7:00 PM,New York Rangers,2,Buffalo Sabres,3,SO
2021-04-03,5:00 PM,7:00 PM,Philadelphia Flyers,2,New York Islanders,3,SO
2021-04-03,5:00 PM,7:00 PM,Dallas Stars,3,Carolina Hurricanes,2,Regulation
2021-04-03,5:00 PM,7:00 PM,Columbus Blue Jackets,2,Florida Panthers,5,Regulation
2021-04-03,5:00 PM,7:00 PM,Ottawa Senators,6,Montreal Canadiens,3,Regulation
2021-04-03,7:00 PM,9:00 PM,St. Louis Blues,1,Colorado Avalanche,2,Regulation
2021-04-03,7:00 PM,9:00 PM,Minnesota Wild,2,Vegas Golden Knights,1,Regulation
2021-04-03,8:00 PM,10:00 PM,San Jose Sharks,3,Los Angeles Kings,2,Regulation
2021-04-04,10:00 AM,12:00 PM,Detroit Red Wings,5,Tampa Bay Lightning,1,Regulation
2021-04-04,1:00 PM,3:00 PM,Washington Capitals,5,New Jersey Devils,4,Regulation
2021-04-04,3:00 PM,5:00 PM,Columbus Blue Jackets,0,Florida Panthers,3,Regulation
2021-04-04,5:00 PM,7:00 PM,Dallas Stars,0,Carolina Hurricanes,1,Regulation
2021-04-04,7:00 PM,9:00 PM,Toronto Maple Leafs,4,Calgary Flames,2,Regulation
2021-04-04,7:00 PM,9:00 PM,Arizona Coyotes,3,Anaheim Ducks,2,OT
2021-04-05,5:00 PM,7:00 PM,Philadelphia Flyers,3,Boston Bruins,2,OT
2021-04-05,5:00 PM,7:00 PM,Edmonton Oilers,2,Montreal Canadiens,3,OT
2021-04-05,5:00 PM,7:00 PM,Ottawa Senators,3,Winnipeg Jets,4,Regulation
2021-04-05,6:00 PM,8:00 PM,Vegas Golden Knights,6,St. Louis Blues,1,Regulation
2021-04-05,6:00 PM,8:00 PM,Colorado Avalanche,5,Minnesota Wild,4,Regulation
2021-04-05,7:30 PM,9:30 PM,Toronto Maple Leafs,5,Calgary Flames,3,Regulation
2021-04-05,8:00 PM,10:00 PM,Arizona Coyotes,5,Los Angeles Kings,2,Regulation
2021-04-06,5:00 PM,7:00 PM,Buffalo Sabres,5,New Jersey Devils,3,Regulation
2021-04-06,5:00 PM,7:00 PM,Washington Capitals,0,New York Islanders,1,Regulation
2021-04-06,5:00 PM,7:00 PM,Pittsburgh Penguins,4,New York Rangers,8,Regulation
2021-04-06,5:00 PM,7:00 PM,Boston Bruins,4,Philadelphia Flyers,2,Regulation
2021-04-06,5:00 PM,7:00 PM,Florida Panthers,2,Carolina Hurricanes,5,Regulation
2021-04-06,5:00 PM,7:00 PM,Tampa Bay Lightning,2,Columbus Blue Jackets,4,Regulation
2021-04-06,5:30 PM,7:30 PM,Nashville Predators,3,Detroit Red Wings,2,SO
2021-04-06,6:00 PM,8:00 PM,Dallas Stars,2,Chicago Blackhawks,4,Regulation
2021-04-06,8:30 PM,10:30 PM,Anaheim Ducks,5,San Jose Sharks,1,Regulation
2021-04-07,3:00 PM,5:00 PM,Edmonton Oilers,4,Ottawa Senators,2,Regulation
2021-04-07,5:30 PM,7:30 PM,Montreal Canadiens,2,Toronto Maple Leafs,3,Regulation
2021-04-07,7:00 PM,9:00 PM,Vegas Golden Knights,1,St. Louis Blues,3,Regulation
2021-04-07,7:00 PM,9:00 PM,Colorado Avalanche,3,Minnesota Wild,8,Regulation
2021-04-07,8:00 PM,10:00 PM,Arizona Coyotes,3,Los Angeles Kings,4,Regulation
2021-04-08,5:00 PM,7:00 PM,New Jersey Devils,6,Buffalo Sabres,3,Regulation
2021-04-08,5:00 PM,7:00 PM,Philadelphia Flyers,2,New York Islanders,3,SO
2021-04-08,5:00 PM,7:00 PM,Pittsburgh Penguins,5,New York Rangers,2,Regulation
2021-04-08,5:00 PM,7:00 PM,Boston Bruins,4,Washington Capitals,2,Regulation
2021-04-08,5:00 PM,7:00 PM,Florida Panthers,0,Carolina Hurricanes,3,Regulation
2021-04-08,5:00 PM,7:00 PM,Tampa Bay Lightning,6,Columbus Blue Jackets,4,Regulation
2021-04-08,5:00 PM,7:00 PM,Winnipeg Jets,4,Montreal Canadiens,2,Regulation
2021-04-08,5:00 PM,7:00 PM,Edmonton Oilers,3,Ottawa Senators,1,Regulation
2021-04-08,5:30 PM,7:30 PM,Nashville Predators,7,Detroit Red Wings,1,Regulation
2021-04-08,6:00 PM,8:00 PM,Dallas Stars,5,Chicago Blackhawks,1,Regulation
2021-04-09,5:00 PM,7:00 PM,Washington Capitals,4,Buffalo Sabres,3,Regulation
2021-04-09,5:00 PM,7:00 PM,Pittsburgh Penguins,6,New Jersey Devils,4,Regulation
2021-04-09,5:00 PM,7:00 PM,New York Rangers,4,New York Islanders,1,Regulation
2021-04-09,6:00 PM,8:00 PM,Minnesota Wild,1,St. Louis Blues,9,Regulation
2021-04-09,8:00 PM,10:00 PM,Arizona Coyotes,4,Vegas Golden Knights,7,Regulation
2021-04-09,8:00 PM,10:00 PM,Colorado Avalanche,2,Anaheim Ducks,0,Regulation
2021-04-09,8:30 PM,10:30 PM,Los Angeles Kings,2,San Jose Sharks,5,Regulation
2021-04-10,12:00 PM,2:00 PM,Boston Bruins,2,Philadelphia Flyers,3,Regulation
2021-04-10,12:00 PM,2:00 PM,Florida Panthers,1,Dallas Stars,4,Regulation
2021-04-10,5:00 PM,7:00 PM,Detroit Red Wings,5,Carolina Hurricanes,4,SO
2021-04-10,5:00 PM,7:00 PM,Chicago Blackhawks,4,Columbus Blue Jackets,3,Regulation
2021-04-10,5:00 PM,7:00 PM,Winnipeg Jets,5,Montreal Canadiens,0,Regulation
2021-04-10,5:00 PM,7:00 PM,Ottawa Senators,5,Toronto Maple Leafs,6,Regulation
2021-04-10,6:00 PM,8:00 PM,Tampa Bay Lightning,3,Nashville Predators,0,Regulation
2021-04-10,6:00 PM,8:00 PM,Minnesota Wild,2,St. Louis Blues,3,OT
2021-04-10,8:00 PM,10:00 PM,Edmonton Oilers,0,Calgary Flames,5,Regulation
2021-04-10,8:30 PM,10:30 PM,Los Angeles Kings,4,San Jose Sharks,2,Regulation
2021-04-11,12:00 PM,2:00 PM,Buffalo Sabres,,Philadelphia Flyers,,Scheduled
2021-04-11,2:00 PM,4:00 PM,Arizona Coyotes,,Vegas Golden Knights,,Scheduled
2021-04-11,4:00 PM,6:00 PM,Colorado Avalanche,,Anaheim Ducks,,Scheduled
2021-04-11,5:00 PM,7:00 PM,Pittsburgh Penguins,,New Jersey Devils,,Scheduled
2021-04-11,5:00 PM,7:00 PM,New York Rangers,,New York Islanders,,Scheduled
2021-04-11,5:00 PM,7:00 PM,Washington Capitals,,Boston Bruins,,Scheduled
2021-04-11,6:00 PM,8:00 PM,Dallas Stars,,Nashville Predators,,Scheduled
2021-04-12,5:00 PM,7:00 PM,Detroit Red Wings,,Carolina Hurricanes,,Scheduled
2021-04-12,5:00 PM,7:00 PM,Chicago Blackhawks,,Columbus Blue Jackets,,Scheduled
2021-04-12,5:00 PM,7:00 PM,Toronto Maple Leafs,,Montreal Canadiens,,Scheduled
2021-04-12,5:00 PM,7:00 PM,Winnipeg Jets,,Ottawa Senators,,Scheduled
2021-04-12,6:00 PM,8:00 PM,St. Louis Blues,,Minnesota Wild,,Scheduled
2021-04-12,7:00 PM,9:00 PM,Arizona Coyotes,,Colorado Avalanche,,Scheduled
2021-04-12,8:00 PM,10:00 PM,Vegas Golden Knights,,Los Angeles Kings,,Scheduled
2021-04-12,8:30 PM,10:30 PM,Anaheim Ducks,,San Jose Sharks,,Scheduled
2021-04-13,5:00 PM,7:00 PM,Buffalo Sabres,,Boston Bruins,,Scheduled
2021-04-13,5:00 PM,7:00 PM,Philadelphia Flyers,,Washington Capitals,,Scheduled
2021-04-13,5:00 PM,7:00 PM,New York Rangers,,New Jersey Devils,,Scheduled
2021-04-13,5:30 PM,7:30 PM,Calgary Flames,,Toronto Maple Leafs,,Scheduled
2021-04-13,6:00 PM,8:00 PM,Tampa Bay Lightning,,Nashville Predators,,Scheduled
2021-04-13,6:30 PM,8:30 PM,Florida Panthers,,Dallas Stars,,Scheduled
2021-04-14,5:00 PM,7:00 PM,Calgary Flames,,Montreal Canadiens,,Scheduled
2021-04-14,5:00 PM,7:00 PM,Winnipeg Jets,,Ottawa Senators,,Scheduled
2021-04-14,5:30 PM,7:30 PM,Colorado Avalanche,,St. Louis Blues,,Scheduled
2021-04-14,7:00 PM,9:00 PM,Arizona Coyotes,,Minnesota Wild,,Scheduled
2021-04-14,8:00 PM,10:00 PM,Vegas Golden Knights,,Los Angeles Kings,,Scheduled
2021-04-14,8:30 PM,10:30 PM,Anaheim Ducks,,San Jose Sharks,,Scheduled
2021-04-15,5:00 PM,7:00 PM,New York Islanders,,Boston Bruins,,Scheduled
2021-04-15,5:00 PM,7:00 PM,New Jersey Devils,,New York Rangers,,Scheduled
2021-04-15,5:00 PM,7:00 PM,Buffalo Sabres,,Washington Capitals,,Scheduled
2021-04-15,5:00 PM,7:00 PM,Nashville Predators,,Carolina Hurricanes,,Scheduled
2021-04-15,5:00 PM,7:00 PM,Florida Panthers,,Tampa Bay Lightning,,Scheduled
2021-04-15,5:00 PM,7:00 PM,Philadelphia Flyers,,Pittsburgh Penguins,,Scheduled
2021-04-15,5:00 PM,7:00 PM,Winnipeg Jets,,Toronto Maple Leafs,,Scheduled
2021-04-15,5:30 PM,7:30 PM,Chicago Blackhawks,,Detroit Red Wings,,Scheduled
2021-04-15,6:30 PM,8:30 PM,Columbus Blue Jackets,,Dallas Stars,,Scheduled
2021-04-16,4:00 PM,6:00 PM,Calgary Flames,,Montreal Canadiens,,Scheduled
2021-04-16,5:00 PM,7:00 PM,New York Islanders,,Boston Bruins,,Scheduled
2021-04-16,6:00 PM,8:00 PM,San Jose Sharks,,Minnesota Wild,,Scheduled
2021-04-16,7:00 PM,9:00 PM,Los Angeles Kings,,Colorado Avalanche,,Scheduled
2021-04-16,7:00 PM,9:00 PM,Edmonton Oilers,,Vancouver Canucks,,Scheduled
2021-04-16,8:00 PM,10:00 PM,Vegas Golden Knights,,Anaheim Ducks,,Scheduled
2021-04-17,10:30 AM,12:30 PM,New Jersey Devils,,New York Rangers,,Scheduled
2021-04-17,10:30 AM,12:30 PM,Washington Capitals,,Philadelphia Flyers,,Scheduled
2021-04-17,1:00 PM,3:00 PM,Pittsburgh Penguins,,Buffalo Sabres,,Scheduled
2021-04-17,2:00 PM,4:00 PM,Ottawa Senators,,Montreal Canadiens,,Scheduled
2021-04-17,4:00 PM,6:00 PM,St. Louis Blues,,Arizona Coyotes,,Scheduled
2021-04-17,5:00 PM,7:00 PM,Nashville Predators,,Carolina Hurricanes,,Scheduled
2021-04-17,5:00 PM,7:00 PM,Florida Panthers,,Tampa Bay Lightning,,Scheduled
2021-04-17,5:00 PM,7:00 PM,Chicago Blackhawks,,Detroit Red Wings,,Scheduled
2021-04-17,5:00 PM,7:00 PM,Toronto Maple Leafs,,Vancouver Canucks,,Scheduled
2021-04-17,6:00 PM,8:00 PM,San Jose Sharks,,Minnesota Wild,,Scheduled
2021-04-17,6:00 PM,8:00 PM,Columbus Blue Jackets,,Dallas Stars,,Scheduled
2021-04-17,8:00 PM,10:00 PM,Edmonton Oilers,,Winnipeg Jets,,Scheduled
2021-04-18,10:00 AM,12:00 PM,Washington Capitals,,Boston Bruins,,Scheduled
2021-04-18,1:00 PM,3:00 PM,New York Rangers,,New Jersey Devils,,Scheduled
2021-04-18,1:00 PM,3:00 PM,Pittsburgh Penguins,,Buffalo Sabres,,Scheduled
2021-04-18,2:00 PM,4:00 PM,Vegas Golden Knights,,Anaheim Ducks,,Scheduled
2021-04-18,4:30 PM,6:30 PM,New York Islanders,,Philadelphia Flyers,,Scheduled
2021-04-18,7:00 PM,9:00 PM,Los Angeles Kings,,Colorado Avalanche,,Scheduled
2021-04-19,5:00 PM,7:00 PM,Carolina Hurricanes,,Tampa Bay Lightning,,Scheduled
2021-04-19,5:00 PM,7:00 PM,Columbus Blue Jackets,,Florida Panthers,,Scheduled
2021-04-19,5:30 PM,7:30 PM,Detroit Red Wings,,Dallas Stars,,Scheduled
2021-04-19,6:00 PM,8:00 PM,Chicago Blackhawks,,Nashville Predators,,Scheduled
2021-04-19,7:00 PM,9:00 PM,Ottawa Senators,,Calgary Flames,,Scheduled
2021-04-19,7:00 PM,9:00 PM,Montreal Canadiens,,Edmonton Oilers,,Scheduled
2021-04-19,7:00 PM,9:00 PM,Toronto Maple Leafs,,Vancouver Canucks,,Scheduled
2021-04-19,7:00 PM,9:00 PM,Minnesota Wild,,Arizona Coyotes,,Scheduled
2021-04-19,8:00 PM,10:00 PM,San Jose Sharks,,Vegas Golden Knights,,Scheduled
2021-04-20,4:30 PM,6:30 PM,Boston Bruins,,Buffalo Sabres,,Scheduled
2021-04-20,5:00 PM,7:00 PM,New Jersey Devils,,Pittsburgh Penguins,,Scheduled
2021-04-20,5:00 PM,7:00 PM,New York Rangers,,New York Islanders,,Scheduled
2021-04-20,5:00 PM,7:00 PM,Carolina Hurricanes,,Tampa Bay Lightning,,Scheduled
2021-04-20,5:00 PM,7:00 PM,Columbus Blue Jackets,,Florida Panthers,,Scheduled
2021-04-20,6:30 PM,8:30 PM,Detroit Red Wings,,Dallas Stars,,Scheduled
2021-04-20,7:00 PM,9:00 PM,Colorado Avalanche,,St. Louis Blues,,Scheduled
2021-04-20,8:00 PM,10:00 PM,Anaheim Ducks,,Los Angeles Kings,,Scheduled
2021-04-21,5:00 PM,7:00 PM,Nashville Predators,,Chicago Blackhawks,,Scheduled
2021-04-21,5:00 PM,7:00 PM,Toronto Maple Leafs,,Winnipeg Jets,,Scheduled
2021-04-21,7:00 PM,9:00 PM,Minnesota Wild,,Arizona Coyotes,,Scheduled
2021-04-21,7:30 PM,9:30 PM,San Jose Sharks,,Vegas Golden Knights,,Scheduled
2021-04-21,8:00 PM,10:00 PM,Calgary Flames,,Vancouver Canucks,,Scheduled
2021-04-21,8:00 PM,10:00 PM,Montreal Canadiens,,Edmonton Oilers,,Scheduled
2021-04-22,5:00 PM,7:00 PM,Philadelphia Flyers,,New York Rangers,,Scheduled
2021-04-22,5:00 PM,7:00 PM,Boston Bruins,,Buffalo Sabres,,Scheduled
2021-04-22,5:00 PM,7:00 PM,Washington Capitals,,New York Islanders,,Scheduled
2021-04-22,5:00 PM,7:00 PM,Columbus Blue Jackets,,Tampa Bay Lightning,,Scheduled
2021-04-22,5:00 PM,7:00 PM,Carolina Hurricanes,,Florida Panthers,,Scheduled
2021-04-22,5:00 PM,7:00 PM,New Jersey Devils,,Pittsburgh Penguins,,Scheduled
2021-04-22,5:30 PM,7:30 PM,Dallas Stars,,Detroit Red Wings,,Scheduled
2021-04-22,6:00 PM,8:00 PM,Colorado Avalanche,,St. Louis Blues,,Scheduled
2021-04-22,8:00 PM,10:00 PM,Ottawa Senators,,Vancouver Canucks,,Scheduled
2021-04-23,5:00 PM,7:00 PM,Boston Bruins,,Buffalo Sabres,,Scheduled
2021-04-23,5:00 PM,7:00 PM,Philadelphia Flyers,,New York Rangers,,Scheduled
2021-04-23,6:00 PM,8:00 PM,Nashville Predators,,Chicago Blackhawks,,Scheduled
2021-04-23,6:00 PM,8:00 PM,Toronto Maple Leafs,,Winnipeg Jets,,Scheduled
2021-04-23,7:00 PM,9:00 PM,Vegas Golden Knights,,San Jose Sharks,,Scheduled
2021-04-23,7:00 PM,9:00 PM,Montreal Canadiens,,Calgary Flames,,Scheduled
2021-04-23,8:00 PM,10:00 PM,Minnesota Wild,,Los Angeles Kings,,Scheduled
2021-04-24,10:30 AM,12:30 PM,New Jersey Devils,,Pittsburgh Penguins,,Scheduled
2021-04-24,1:00 PM,3:00 PM,Colorado Avalanche,,St. Louis Blues,,Scheduled
2021-04-24,5:00 PM,7:00 PM,Washington Capitals,,New York Islanders,,Scheduled
2021-04-24,5:00 PM,7:00 PM,Carolina Hurricanes,,Florida Panthers,,Scheduled
2021-04-24,5:00 PM,7:00 PM,Dallas Stars,,Detroit Red Wings,,Scheduled
2021-04-24,5:00 PM,7:00 PM,Toronto Maple Leafs,,Winnipeg Jets,,Scheduled
2021-04-24,5:00 PM,7:00 PM,Montreal Canadiens,,Calgary Flames,,Scheduled
2021-04-24,7:00 PM,9:00 PM,Vegas Golden Knights,,Anaheim Ducks,,Scheduled
2021-04-24,7:00 PM,9:00 PM,Minnesota Wild,,San Jose Sharks,,Scheduled
2021-04-24,8:00 PM,10:00 PM,Ottawa Senators,,Vancouver Canucks,,Scheduled
2021-04-24,8:00 PM,10:00 PM,Arizona Coyotes,,Los Angeles Kings,,Scheduled
2021-04-25,1:00 PM,3:00 PM,Boston Bruins,,Pittsburgh Penguins,,Scheduled
2021-04-25,4:00 PM,6:00 PM,New Jersey Devils,,Philadelphia Flyers,,Scheduled
2021-04-25,4:00 PM,6:00 PM,Buffalo Sabres,,New York Rangers,,Scheduled
2021-04-25,5:00 PM,7:00 PM,Columbus Blue Jackets,,Tampa Bay Lightning,,Scheduled
2021-04-26,4:30 PM,6:30 PM,Montreal Canadiens,,Calgary Flames,,Scheduled
2021-04-26,5:00 PM,7:00 PM,Vancouver Canucks,,Ottawa Senators,,Scheduled
2021-04-26,5:30 PM,7:30 PM,Carolina Hurricanes,,Dallas Stars,,Scheduled
2021-04-26,6:00 PM,8:00 PM,Florida Panthers,,Nashville Predators,,Scheduled
2021-04-26,6:00 PM,8:00 PM,St. Louis Blues,,Minnesota Wild,,Scheduled
2021-04-26,7:00 PM,9:00 PM,Edmonton Oilers,,Winnipeg Jets,,Scheduled
2021-04-26,8:00 PM,10:00 PM,Colorado Avalanche,,Vegas Golden Knights,,Scheduled
2021-04-26,8:00 PM,10:00 PM,Anaheim Ducks,,Los Angeles Kings,,Scheduled
2021-04-26,8:30 PM,10:30 PM,Arizona Coyotes,,San Jose Sharks,,Scheduled
2021-04-27,5:00 PM,7:00 PM,New York Islanders,,Washington Capitals,,Scheduled
2021-04-27,5:00 PM,7:00 PM,Philadelphia Flyers,,New Jersey Devils,,Scheduled
2021-04-27,5:00 PM,7:00 PM,Buffalo Sabres,,New York Rangers,,Scheduled
2021-04-27,5:00 PM,7:00 PM,Boston Bruins,,Pittsburgh Penguins,,Scheduled
2021-04-27,5:00 PM,7:00 PM,Detroit Red Wings,,Columbus Blue Jackets,,Scheduled
2021-04-27,6:00 PM,8:00 PM,Tampa Bay Lightning,,Chicago Blackhawks,,Scheduled
2021-04-27,6:00 PM,8:00 PM,Florida Panthers,,Nashville Predators,,Scheduled
2021-04-27,6:30 PM,8:30 PM,Carolina Hurricanes,,Dallas Stars,,Scheduled
2021-04-28,3:30 PM,5:30 PM,Vancouver Canucks,,Ottawa Senators,,Scheduled
2021-04-28,5:00 PM,7:00 PM,St. Louis Blues,,Minnesota Wild,,Scheduled
2021-04-28,6:00 PM,8:00 PM,Toronto Maple Leafs,,Montreal Canadiens,,Scheduled
2021-04-28,7:00 PM,9:00 PM,Edmonton Oilers,,Winnipeg Jets,,Scheduled
2021-04-28,7:30 PM,9:30 PM,Colorado Avalanche,,Vegas Golden Knights,,Scheduled
2021-04-28,8:00 PM,10:00 PM,Anaheim Ducks,,Los Angeles Kings,,Scheduled
2021-04-28,8:30 PM,10:30 PM,Arizona Coyotes,,San Jose Sharks,,Scheduled
2021-04-29,5:00 PM,7:00 PM,Dallas Stars,,Tampa Bay Lightning,,Scheduled
2021-04-29,5:00 PM,7:00 PM,Buffalo Sabres,,Boston Bruins,,Scheduled
2021-04-29,5:00 PM,7:00 PM,Philadelphia Flyers,,New Jersey Devils,,Scheduled
2021-04-29,5:00 PM,7:00 PM,New York Islanders,,New York Rangers,,Scheduled
2021-04-29,5:00 PM,7:00 PM,Pittsburgh Penguins,,Washington Capitals,,Scheduled
2021-04-29,5:00 PM,7:00 PM,Detroit Red Wings,,Carolina Hurricanes,,Scheduled
2021-04-29,5:30 PM,7:30 PM,Vancouver Canucks,,Toronto Maple Leafs,,Scheduled
2021-04-29,6:00 PM,8:00 PM,Florida Panthers,,Chicago Blackhawks,,Scheduled
2021-04-29,7:00 PM,9:00 PM,Calgary Flames,,Edmonton Oilers,,Scheduled
2021-04-30,5:00 PM,7:00 PM,Winnipeg Jets,,Montreal Canadiens,,Scheduled
2021-04-30,6:00 PM,8:00 PM,Minnesota Wild,,St. Louis Blues,,Scheduled
2021-04-30,7:00 PM,9:00 PM,San Jose Sharks,,Colorado Avalanche,,Scheduled
2021-04-30,8:00 PM,10:00 PM,Vegas Golden Knights,,Arizona Coyotes,,Scheduled
2021-04-30,8:00 PM,10:00 PM,Los Angeles Kings,,Anaheim Ducks,,Scheduled
2021-05-01,11:00 AM,1:00 PM,Buffalo Sabres,,Boston Bruins,,Scheduled
2021-05-01,1:00 PM,3:00 PM,Tampa Bay Lightning,,Detroit Red Wings,,Scheduled
2021-05-01,5:00 PM,7:00 PM,New York Rangers,,New York Islanders,,Scheduled
2021-05-01,5:00 PM,7:00 PM,New Jersey Devils,,Philadelphia Flyers,,Scheduled
2021-05-01,5:00 PM,7:00 PM,Pittsburgh Penguins,,Washington Capitals,,Scheduled
2021-05-01,5:00 PM,7:00 PM,Columbus Blue Jackets,,Carolina Hurricanes,,Scheduled
2021-05-01,5:00 PM,7:00 PM,Ottawa Senators,,Montreal Canadiens,,Scheduled
2021-05-01,5:00 PM,7:00 PM,Vancouver Canucks,,Toronto Maple Leafs,,Scheduled
2021-05-01,6:00 PM,8:00 PM,Florida Panthers,,Chicago Blackhawks,,Scheduled
2021-05-01,6:00 PM,8:00 PM,Minnesota Wild,,St. Louis Blues,,Scheduled
2021-05-01,6:00 PM,8:00 PM,Dallas Stars,,Nashville Predators,,Scheduled
2021-05-01,6:00 PM,8:00 PM,San Jose Sharks,,Colorado Avalanche,,Scheduled
2021-05-01,8:00 PM,10:00 PM,Calgary Flames,,Edmonton Oilers,,Scheduled
2021-05-01,8:00 PM,10:00 PM,Vegas Golden Knights,,Arizona Coyotes,,Scheduled
2021-05-01,8:00 PM,10:00 PM,Los Angeles Kings,,Anaheim Ducks,,Scheduled
2021-05-02,1:00 PM,3:00 PM,Tampa Bay Lightning,,Detroit Red Wings,,Scheduled
2021-05-03,5:00 PM,7:00 PM,Dallas Stars,,Florida Panthers,,Scheduled
2021-05-03,5:00 PM,7:00 PM,New York Islanders,,Buffalo Sabres,,Scheduled
2021-05-03,5:00 PM,7:00 PM,Boston Bruins,,New Jersey Devils,,Scheduled
2021-05-03,5:00 PM,7:00 PM,Washington Capitals,,New York Rangers,,Scheduled
2021-05-03,5:00 PM,7:00 PM,Pittsburgh Penguins,,Philadelphia Flyers,,Scheduled
2021-05-03,5:00 PM,7:00 PM,Chicago Blackhawks,,Carolina Hurricanes,,Scheduled
2021-05-03,5:00 PM,7:00 PM,Nashville Predators,,Columbus Blue Jackets,,Scheduled
2021-05-03,5:00 PM,7:00 PM,Toronto Maple Leafs,,Montreal Canadiens,,Scheduled
2021-05-03,5:00 PM,7:00 PM,Winnipeg Jets,,Ottawa Senators,,Scheduled
2021-05-03,6:00 PM,8:00 PM,Anaheim Ducks,,St. Louis Blues,,Scheduled
2021-05-03,6:00 PM,8:00 PM,Vegas Golden Knights,,Minnesota Wild,,Scheduled
2021-05-03,7:00 PM,9:00 PM,Vancouver Canucks,,Calgary Flames,,Scheduled
2021-05-03,8:00 PM,10:00 PM,Los Angeles Kings,,Arizona Coyotes,,Scheduled
2021-05-03,8:30 PM,10:30 PM,Colorado Avalanche,,San Jose Sharks,,Scheduled
2021-05-04,5:00 PM,7:00 PM,New York Islanders,,Buffalo Sabres,,Scheduled
2021-05-04,5:00 PM,7:00 PM,Boston Bruins,,New Jersey Devils,,Scheduled
2021-05-04,5:00 PM,7:00 PM,Pittsburgh Penguins,,Philadelphia Flyers,,Scheduled
2021-05-04,5:00 PM,7:00 PM,Chicago Blackhawks,,Carolina Hurricanes,,Scheduled
2021-05-04,7:00 PM,9:00 PM,Vancouver Canucks,,Edmonton Oilers,,Scheduled
2021-05-05,5:00 PM,7:00 PM,Dallas Stars,,Tampa Bay Lightning,,Scheduled
2021-05-05,5:00 PM,7:00 PM,Montreal Canadiens,,Ottawa Senators,,Scheduled
2021-05-05,5:00 PM,7:00 PM,Washington Capitals,,New York Rangers,,Scheduled
2021-05-05,5:00 PM,7:00 PM,Nashville Predators,,Columbus Blue Jackets,,Scheduled
2021-05-05,6:00 PM,8:00 PM,Anaheim Ducks,,St. Louis Blues,,Scheduled
2021-05-05,6:00 PM,8:00 PM,Vegas Golden Knights,,Minnesota Wild,,Scheduled
2021-05-05,7:30 PM,9:30 PM,Winnipeg Jets,,Calgary Flames,,Scheduled
2021-05-05,8:00 PM,10:00 PM,Los Angeles Kings,,Arizona Coyotes,,Scheduled
2021-05-05,8:30 PM,10:30 PM,Colorado Avalanche,,San Jose Sharks,,Scheduled
2021-05-06,5:00 PM,7:00 PM,Chicago Blackhawks,,Carolina Hurricanes,,Scheduled
2021-05-06,5:00 PM,7:00 PM,New York Rangers,,Boston Bruins,,Scheduled
2021-05-06,5:00 PM,7:00 PM,New Jersey Devils,,New York Islanders,,Scheduled
2021-05-06,5:00 PM,7:00 PM,Buffalo Sabres,,Pittsburgh Penguins,,Scheduled
2021-05-06,5:00 PM,7:00 PM,Montreal Canadiens,,Toronto Maple Leafs,,Scheduled
2021-05-06,8:00 PM,10:00 PM,Edmonton Oilers,,Vancouver Canucks,,Scheduled
2021-05-07,5:00 PM,7:00 PM,Dallas Stars,,Tampa Bay Lightning,,Scheduled
2021-05-07,5:00 PM,7:00 PM,Philadelphia Flyers,,Washington Capitals,,Scheduled
2021-05-07,5:00 PM,7:00 PM,Detroit Red Wings,,Columbus Blue Jackets,,Scheduled
2021-05-07,6:00 PM,8:00 PM,Anaheim Ducks,,Minnesota Wild,,Scheduled
2021-05-07,8:00 PM,10:00 PM,St. Louis Blues,,Vegas Golden Knights,,Scheduled
2021-05-07,8:00 PM,10:00 PM,Colorado Avalanche,,Los Angeles Kings,,Scheduled
2021-05-07,8:30 PM,10:30 PM,Arizona Coyotes,,San Jose Sharks,,Scheduled
2021-05-08,5:00 PM,7:00 PM,New York Rangers,,Boston Bruins,,Scheduled
2021-05-08,5:00 PM,7:00 PM,New Jersey Devils,,New York Islanders,,Scheduled
2021-05-08,5:00 PM,7:00 PM,Philadelphia Flyers,,Washington Capitals,,Scheduled
2021-05-08,5:00 PM,7:00 PM,Tampa Bay Lightning,,Florida Panthers,,Scheduled
2021-05-08,5:00 PM,7:00 PM,Buffalo Sabres,,Pittsburgh Penguins,,Scheduled
2021-05-08,5:00 PM,7:00 PM,Detroit Red Wings,,Columbus Blue Jackets,,Scheduled
2021-05-08,5:00 PM,7:00 PM,Montreal Canadiens,,Toronto Maple Leafs,,Scheduled
2021-05-08,5:00 PM,7:00 PM,Ottawa Senators,,Winnipeg Jets,,Scheduled
2021-05-08,6:00 PM,8:00 PM,Carolina Hurricanes,,Nashville Predators,,Scheduled
2021-05-08,6:00 PM,8:00 PM,Anaheim Ducks,,Minnesota Wild,,Scheduled
2021-05-08,8:00 PM,10:00 PM,Vancouver Canucks,,Edmonton Oilers,,Scheduled
2021-05-08,8:00 PM,10:00 PM,St. Louis Blues,,Vegas Golden Knights,,Scheduled
2021-05-08,8:00 PM,10:00 PM,Colorado Avalanche,,Los Angeles Kings,,Scheduled
2021-05-08,8:30 PM,10:30 PM,Arizona Coyotes,,San Jose Sharks,,Scheduled
2021-05-09,5:00 PM,7:00 PM,Dallas Stars,,Chicago Blackhawks,,Scheduled
2021-05-09,6:00 PM,8:00 PM,Ottawa Senators,,Calgary Flames,,Scheduled
2021-05-10,5:00 PM,7:00 PM,New Jersey Devils,,Philadelphia Flyers,,Scheduled
2021-05-10,5:00 PM,7:00 PM,Edmonton Oilers,,Montreal Canadiens,,Scheduled
2021-05-10,5:00 PM,7:00 PM,New York Islanders,,Boston Bruins,,Scheduled
2021-05-10,5:00 PM,7:00 PM,Tampa Bay Lightning,,Florida Panthers,,Scheduled
2021-05-10,6:00 PM,8:00 PM,Vancouver Canucks,,Winnipeg Jets,,Scheduled
2021-05-10,6:00 PM,8:00 PM,Carolina Hurricanes,,Nashville Predators,,Scheduled
2021-05-10,6:00 PM,8:00 PM,Dallas Stars,,Chicago Blackhawks,,Scheduled
2021-05-10,8:00 PM,10:00 PM,St. Louis Blues,,Los Angeles Kings,,Scheduled
2021-05-11,5:00 PM,7:00 PM,Edmonton Oilers,,Montreal Canadiens,,Scheduled
2021-05-11,5:00 PM,7:00 PM,Boston Bruins,,Washington Capitals,,Scheduled
2021-05-11,6:00 PM,8:00 PM,Vancouver Canucks,,Winnipeg Jets,,Scheduled
2021-05-12,5:30 PM,7:30 PM,Toronto Maple Leafs,,Ottawa Senators,,Scheduled
2021-05-13,7:00 PM,9:00 PM,Vancouver Canucks,,Edmonton Oilers,,Scheduled
2021-05-15,8:00 PM,10:00 PM,Calgary Flames,,Vancouver Canucks,,Scheduled
2021-05-16,7:00 PM,9:00 PM,Vancouver Canucks,,Calgary Flames,,Scheduled
