id,player_name,team,position,age,dob,birth_city,birth_state,birth_country,nationality,height,weight,draft_year,draft_team,draft_round,draft_round_pick,total_draft_pick
1,Zdeno Chara,NYI,D,45,1977-03-18,-,-,-,-,81,250,1996,NYI,3,4,56
2,Joe Thornton,FLA,C,42,1979-07-02,-,-,-,-,76,220,1997,BOS,1,1,1
3,Jason Spezza,TOR,C,38,1983-06-13,-,-,-,-,75,219,2001,OTT,1,2,2
4,Duncan Keith,EDM,D,38,1983-07-16,-,-,-,-,73,192,2002,CHI,2,24,54
5,Ryan Suter,DAL,D,37,1985-01-21,-,-,-,-,73,200,2003,NSH,1,7,7
6,Jeff Carter,PIT,C,37,1985-01-01,-,-,-,-,75,219,2003,PHI,1,11,11
7,Dustin Brown,L.A,R,37,1984-11-04,-,-,-,-,72,205,2003,L.A,1,13,13
8,Zach Parise,NYI,L,37,1984-07-28,-,-,-,-,71,193,2003,N.J,1,17,17
9,Ryan Getzlaf,ANA,C,37,1985-05-10,-,-,-,-,76,220,2003,ANA,1,19,19
10,Brent Burns,S.J,D,37,1985-03-09,-,-,-,-,77,230,2003,MIN,1,20,20
11,Brian Boyle,PIT,C,37,1984-12-18,-,-,-,-,78,245,2003,L.A,1,26,26
12,Corey Perry,T.B,R,36,1985-05-16,-,-,-,-,75,206,2003,ANA,1,28,28
13,Loui Eriksson,ARI,L,36,1985-07-17,-,-,-,-,74,179,2003,DAL,2,3,33
14,Patrice Bergeron,BOS,C,36,1985-07-24,-,-,-,-,73,195,2003,BOS,2,15,45
15,Brad Richardson,"CGY, VAN",R,37,1985-02-04,-,-,-,-,72,190,2003,COL,5,27,163
16,Nate Thompson,PHI,C,37,1984-10-05,-,-,-,-,73,205,2003,BOS,6,16,183
17,Joe Pavelski,DAL,C,37,1984-07-11,-,-,-,-,71,195,2003,S.J,7,8,205
18,Mark Giordano,"SEA, TOR",D,38,1983-10-03,-,-,-,-,73,200,-,-,-,-,-
19,Alex Ovechkin,WSH,L,36,1985-09-17,-,-,-,-,75,238,2004,WSH,1,1,1
20,Evgeni Malkin,PIT,C,35,1986-07-31,-,-,-,-,75,195,2004,PIT,1,2,2
21,Andrew Ladd,ARI,L,36,1985-12-12,-,-,-,-,75,205,2004,CAR,1,4,4
22,Blake Wheeler,WPG,R,35,1986-08-31,-,-,-,-,77,225,2004,PHX,1,5,5
23,Alexander Radulov,DAL,R,35,1986-07-05,-,-,-,-,73,200,2004,NSH,1,15,15
24,Blake Comeau,DAL,L,36,1986-02-18,-,-,-,-,73,200,2004,NYI,2,17,47
25,Alex Goligoski,MIN,D,36,1985-07-30,-,-,-,-,71,173,2004,PIT,2,31,61
26,Andrej Sekera,DAL,D,35,1986-06-08,-,-,-,-,72,200,2004,BUF,3,6,71
27,Alexander Edler,L.A,D,36,1986-04-21,-,-,-,-,76,210,2004,VAN,3,26,91
28,Paul Stastny,WPG,C,36,1985-12-27,-,-,-,-,72,193,2005,COL,2,14,44
29,Sidney Crosby,PIT,C,34,1987-08-07,-,-,-,-,71,200,2005,PIT,1,1,1
30,Jack Johnson,COL,D,35,1987-01-13,-,-,-,-,73,227,2005,CAR,1,3,3
31,Anze Kopitar,L.A,C,34,1987-08-24,-,-,-,-,75,225,2005,L.A,1,11,11
32,Marc Staal,DET,D,35,1987-01-13,-,-,-,-,76,208,2005,NYR,1,12,12
33,T.J. Oshie,WSH,R,35,1986-12-23,-,-,-,-,72,187,2005,STL,1,24,24
34,Andrew Cogliano,"COL, S.J",C,34,1987-06-14,-,-,-,-,70,179,2005,EDM,1,25,25
35,James Neal,STL,L,34,1987-09-03,-,-,-,-,75,212,2005,DAL,2,3,33
36,Marc-Edouard Vlasic,S.J,D,35,1987-03-30,-,-,-,-,73,205,2005,S.J,2,5,35
37,Kris Letang,PIT,D,35,1987-04-24,-,-,-,-,72,201,2005,PIT,3,1,62
38,Kris Russell,EDM,D,35,1987-05-02,-,-,-,-,70,170,2005,CBJ,3,6,67
39,Keith Yandle,PHI,D,35,1986-09-09,-,-,-,-,73,192,2005,PHX,4,14,105
40,Darren Helm,COL,C,35,1987-01-21,-,-,-,-,72,192,2005,DET,5,7,132
41,Ryan Reaves,NYR,R,35,1987-01-20,-,-,-,-,74,225,2005,STL,5,31,156
42,Anton Stralman,ARI,D,35,1986-08-01,-,-,-,-,71,193,2005,TOR,7,22,216
43,Patric Hornqvist,FLA,R,35,1987-01-01,-,-,-,-,71,189,2005,NSH,7,36,230
44,Andy Greene,NYI,D,39,1982-10-30,-,-,-,-,71,190,-,-,-,-,-
45,Alex Biega,TOR,D,34,1988-04-04,-,-,-,-,70,195,2006,BUF,5,24,147
46,Brad Marchand,BOS,L,33,1988-05-11,-,-,-,-,69,182,2006,BOS,3,8,71
47,Nick Foligno,BOS,L,34,1987-10-31,-,-,-,-,72,211,2006,OTT,1,28,28
48,Erik Johnson,COL,D,34,1988-03-21,-,-,-,-,76,225,2006,STL,1,1,1
49,Kyle Okposo,BUF,R,34,1988-04-16,-,-,-,-,72,218,2006,NYI,1,7,7
50,Trevor Lewis,CGY,C,35,1987-01-08,-,-,-,-,73,202,2006,L.A,1,17,17
51,Leo Komarov,NYI,R,35,1987-01-23,-,-,-,-,71,205,2006,TOR,6,27,180
52,Milan Lucic,CGY,L,33,1988-06-07,-,-,-,-,75,231,2006,BOS,2,20,50
53,Cal Clutterbuck,NYI,R,34,1987-11-18,-,-,-,-,72,212,2006,MIN,3,9,72
54,Jeff Petry,MTL,D,34,1987-12-09,-,-,-,-,75,209,2006,EDM,2,15,45
55,Claude Giroux,"FLA, PHI","C, R",34,1988-01-12,-,-,-,-,71,185,2006,PHI,1,22,22
56,Jordan Staal,CAR,C,33,1988-09-10,-,-,-,-,76,220,2006,PIT,1,2,2
57,Derick Brassard,"EDM, PHI",C,34,1987-09-22,-,-,-,-,73,202,2006,CBJ,1,6,6
58,Phil Kessel,ARI,R,34,1987-10-02,-,-,-,-,72,223,2006,BOS,1,5,5
59,Nicklas Backstrom,WSH,C,34,1987-11-23,-,-,-,-,73,202,2006,WSH,1,4,4
60,Jonathan Toews,CHI,C,34,1988-04-29,-,-,-,-,74,201,2006,CHI,1,3,3
61,Mathieu Perreault,MTL,C,34,1988-01-05,-,-,-,-,70,189,2006,WSH,6,24,177
62,Alex Killorn,T.B,L,32,1989-09-14,-,-,-,-,73,199,2007,T.B,3,16,77
63,Jamie Benn,DAL,L,32,1989-07-18,-,-,-,-,74,210,2007,DAL,5,8,129
64,Nick Bonino,S.J,C,34,1988-04-20,-,-,-,-,73,195,2007,S.J,6,22,173
65,Ian Cole,CAR,D,33,1989-02-21,-,-,-,-,73,225,2007,STL,1,18,18
66,Justin Braun,"NYR, PHI",D,35,1987-02-10,-,-,-,-,74,205,2007,S.J,7,20,201
67,Kevin Shattenkirk,ANA,D,33,1989-01-29,-,-,-,-,72,212,2007,COL,1,14,14
68,Pat Maroon,T.B,L,34,1988-04-23,-,-,-,-,75,238,2007,PHI,6,10,161
69,James van Riemsdyk,PHI,L,33,1989-05-04,-,-,-,-,75,208,2007,PHI,1,2,2
70,Paul Byron,MTL,L,33,1989-04-27,-,-,-,-,69,158,2007,BUF,6,28,179
71,Sam Gagner,DET,C,32,1989-08-10,-,-,-,-,71,197,2007,EDM,1,6,6
72,Logan Couture,S.J,C,33,1989-03-28,-,-,-,-,73,206,2007,S.J,1,9,9
73,P.K. Subban,N.J,D,32,1989-05-13,-,-,-,-,72,210,2007,MTL,2,13,43
74,Riley Nash,"ARI, T.B, WPG",C,33,1989-05-09,-,-,-,-,74,188,2007,EDM,1,21,21
75,Thomas Hickey,NYI,D,33,1989-02-08,-,-,-,-,72,185,2007,L.A,1,4,4
76,Kyle Turris,EDM,C,32,1989-08-14,-,-,-,-,73,190,2007,PHX,1,3,3
77,Brad Malone,EDM,C,32,1989-05-20,-,-,-,-,74,217,2007,COL,4,14,105
78,Brendan Smith,CAR,D,33,1989-02-08,-,-,-,-,74,200,2007,DET,1,27,27
79,Colton Sceviour,EDM,C,33,1989-04-20,-,-,-,-,72,190,2007,DAL,4,21,112
80,David Perron,STL,L,33,1988-05-28,-,-,-,-,73,202,2007,STL,1,26,26
81,Patrick Kane,CHI,R,33,1988-11-19,-,-,-,-,70,177,2007,CHI,1,1,1
82,Robert Bortuzzo,STL,D,33,1989-03-18,-,-,-,-,76,216,2007,PIT,3,17,78
83,Evgenii Dadonov,VGK,R,33,1989-03-12,-,-,-,-,71,185,2007,FLA,3,10,71
84,Mikael Backlund,CGY,C,33,1989-03-17,-,-,-,-,72,200,2007,CGY,1,24,24
85,Ryan McDonagh,T.B,D,32,1989-06-13,-,-,-,-,73,215,2007,MTL,1,12,12
86,Max Pacioretty,VGK,L,33,1988-11-20,-,-,-,-,74,217,2007,MTL,1,22,22
87,Jakub Voracek,CBJ,R,32,1989-08-15,-,-,-,-,74,209,2007,CBJ,1,7,7
88,Jake Muzzin,TOR,D,33,1989-02-21,-,-,-,-,75,226,2007,PIT,5,20,141
89,Alec Martinez,VGK,D,34,1987-07-26,-,-,-,-,73,209,2007,L.A,4,4,95
90,Carl Hagelin,WSH,L,33,1988-08-23,-,-,-,-,72,183,2007,NYR,6,17,168
91,Lars Eller,WSH,C,33,1989-05-08,-,-,-,-,74,205,2007,STL,1,13,13
92,Wayne Simmonds,TOR,R,33,1988-08-26,-,-,-,-,75,180,2007,L.A,2,31,61
93,Nick Holden,OTT,D,34,1987-05-15,-,-,-,-,76,214,-,-,-,-,-
94,Jay Beagle,ARI,C,36,1985-10-16,-,-,-,-,75,210,-,-,-,-,-
95,Drew Doughty,L.A,D,32,1989-12-08,-,-,-,-,73,210,2008,L.A,1,2,2
96,Steven Stamkos,T.B,C,32,1990-02-07,-,-,-,-,73,193,2008,T.B,1,1,1
97,Alex Pietrangelo,VGK,D,32,1990-01-18,-,-,-,-,75,213,2008,STL,1,4,4
98,Zach Bogosian,T.B,D,31,1990-07-15,-,-,-,-,74,200,2008,ATL,1,3,3
99,Luke Schenn,VAN,D,32,1989-11-02,-,-,-,-,74,225,2008,TOR,1,5,5
100,Josh Bailey,NYI,R,32,1989-10-02,-,-,-,-,73,200,2008,NYI,1,9,9
101,Tyler Myers,VAN,D,32,1990-02-01,-,-,-,-,80,229,2008,BUF,1,12,12
102,Erik Karlsson,S.J,D,31,1990-05-31,-,-,-,-,72,190,2008,OTT,1,15,15
103,Michael Del Zotto,OTT,D,31,1990-06-24,-,-,-,-,72,195,2008,NYR,1,20,20
104,Jordan Eberle,SEA,R,31,1990-05-15,-,-,-,-,71,187,2008,EDM,1,22,22
105,Tyler Ennis,OTT,R,32,1989-10-06,-,-,-,-,69,160,2008,BUF,1,26,26
106,John Carlson,WSH,D,32,1990-01-10,-,-,-,-,75,215,2008,WSH,1,27,27
107,Roman Josi,NSH,D,31,1990-06-01,-,-,-,-,73,201,2008,NSH,2,8,38
108,Justin Schultz,WSH,D,31,1990-07-06,-,-,-,-,74,188,2008,ANA,2,13,43
109,Zac Dalpe,FLA,C,32,1989-11-01,-,-,-,-,74,197,2008,CAR,2,15,45
110,Travis Hamonic,"OTT, VAN",D,31,1990-08-16,-,-,-,-,74,205,2008,NYI,2,23,53
111,Derek Stepan,CAR,C,31,1990-06-18,-,-,-,-,71,196,2008,NYR,2,21,51
112,Marco Scandella,STL,D,32,1990-02-23,-,-,-,-,75,212,2008,MIN,2,25,55
113,Michael Stone,CGY,D,31,1990-06-07,-,-,-,-,75,210,2008,PHX,3,8,69
114,Adam Henrique,ANA,C,32,1990-02-06,-,-,-,-,72,195,2008,N.J,3,21,82
115,TJ Brodie,TOR,D,31,1990-06-07,-,-,-,-,73,179,2008,CGY,4,23,114
116,Gustav Nyquist,CBJ,C,32,1989-09-01,-,-,-,-,71,176,2008,DET,4,30,121
117,Derek Grant,ANA,C,32,1990-04-20,-,-,-,-,75,210,2008,OTT,4,28,119
118,Greg Pateryn,ANA,D,31,1990-06-20,-,-,-,-,75,212,2008,TOR,5,7,128
119,Mark Borowiecki,NSH,D,32,1989-07-12,-,-,-,-,74,204,2008,OTT,5,18,139
120,Matt Martin,NYI,L,33,1989-05-08,-,-,-,-,75,220,2008,NYI,5,27,148
121,Cam Atkinson,PHI,R,32,1989-06-05,-,-,-,-,68,176,2008,CBJ,6,6,157
122,Jared Spurgeon,MIN,D,32,1989-11-29,-,-,-,-,69,166,2008,NYI,6,5,156
123,Luke Witkowski,DET,D,32,1990-04-14,-,-,-,-,74,210,2008,T.B,6,9,160
124,Jordie Benn,MIN,D,34,1987-07-26,-,-,-,-,74,196,-,-,-,-,-
125,Antoine Roussel,ARI,L,32,1989-11-21,-,-,-,-,71,200,-,-,-,-,-
126,Tyler Johnson,CHI,C,31,1990-07-29,-,-,-,-,68,185,-,-,-,-,-
127,Mike Hoffman,MTL,C,32,1989-11-24,-,-,-,-,72,184,2009,OTT,5,9,130
128,Tyler Bozak,STL,C,36,1986-03-19,-,-,-,-,73,187,-,-,-,-,-
129,Marcus Johansson,"SEA, WSH",L,31,1990-10-06,-,-,-,-,73,203,2009,WSH,1,24,24
130,Kyle Palmieri,NYI,R,31,1991-02-01,-,-,-,-,71,185,2009,ANA,1,26,26
131,Ryan O'Reilly,STL,C,31,1991-02-07,-,-,-,-,73,207,2009,COL,2,3,33
132,Kyle Clifford,"STL, TOR",L,31,1991-01-13,-,-,-,-,74,214,2009,L.A,2,5,35
133,Alex Chiasson,VAN,R,31,1990-10-01,-,-,-,-,76,208,2009,DAL,2,8,38
134,Jakob Silfverberg,ANA,R,31,1990-10-13,-,-,-,-,73,207,2009,OTT,2,9,39
135,John Tavares,TOR,C,31,1990-09-20,-,-,-,-,73,211,2009,NYI,1,1,1
136,Victor Hedman,T.B,D,31,1990-12-18,-,-,-,-,78,241,2009,T.B,1,2,2
137,Matt Duchene,NSH,C,31,1991-01-16,-,-,-,-,71,195,2009,COL,1,3,3
138,Evander Kane,EDM,L,30,1991-08-02,-,-,-,-,74,210,2009,ATL,1,4,4
139,Brayden Schenn,STL,C,30,1991-08-22,-,-,-,-,73,199,2009,L.A,1,5,5
140,Oliver Ekman-Larsson,VAN,D,30,1991-07-17,-,-,-,-,74,200,2009,PHX,1,6,6
141,Nazem Kadri,COL,C,31,1990-10-06,-,-,-,-,72,192,2009,TOR,1,7,7
142,Ryan Ellis,PHI,D,31,1991-01-03,-,-,-,-,70,180,2009,NSH,1,11,11
143,Calvin de Haan,CHI,D,31,1991-05-09,-,-,-,-,73,195,2009,NYI,1,12,12
144,Zack Kassian,EDM,R,31,1991-01-24,-,-,-,-,75,211,2009,BUF,1,13,13
145,Dmitry Kulikov,MIN,D,31,1990-10-29,-,-,-,-,73,201,2009,FLA,1,14,14
146,Nick Leddy,"DET, STL",D,31,1991-03-20,-,-,-,-,72,205,2009,MIN,1,16,16
147,Chris Kreider,NYR,L,31,1991-04-30,-,-,-,-,75,223,2009,NYR,1,19,19
148,John Moore,BOS,D,31,1990-11-19,-,-,-,-,75,207,2009,CBJ,1,21,21
149,Brayden McNabb,VGK,D,31,1991-01-21,-,-,-,-,76,214,2009,BUF,3,5,66
150,Reilly Smith,VGK,R,31,1991-04-01,-,-,-,-,73,180,2009,DAL,3,8,69
151,Tomas Tatar,N.J,L,31,1990-12-01,-,-,-,-,70,173,2009,DET,2,30,60
152,Tyson Barrie,EDM,D,30,1991-07-26,-,-,-,-,71,197,2009,COL,3,3,64
153,Dmitry Orlov,WSH,D,30,1991-07-23,-,-,-,-,71,214,2009,WSH,2,25,55
154,Brian Dumoulin,PIT,D,30,1991-09-06,-,-,-,-,76,207,2009,CAR,2,21,51
155,Richard Panik,NYI,R,31,1991-02-07,-,-,-,-,73,203,2009,T.B,2,22,52
156,Mattias Ekholm,NSH,D,31,1990-05-24,-,-,-,-,76,215,2009,NSH,4,11,102
157,Marcus Foligno,MIN,L,30,1991-08-10,-,-,-,-,75,226,2009,BUF,4,13,104
158,Craig Smith,BOS,C,32,1989-09-05,-,-,-,-,72,203,2009,NSH,4,7,98
159,Chris Wideman,MTL,D,32,1990-01-07,-,-,-,-,70,180,2009,OTT,4,9,100
160,Casey Cizikas,NYI,C,31,1991-02-27,-,-,-,-,71,195,2009,NYI,4,1,92
161,David Savard,MTL,D,31,1990-10-22,-,-,-,-,73,234,2009,CBJ,4,3,94
162,Nicolas Deslauriers,"ANA, MIN",L,31,1991-02-22,-,-,-,-,73,220,2009,L.A,3,23,84
163,Cody Eakin,BUF,C,30,1991-05-24,-,-,-,-,72,196,2009,WSH,3,24,85
164,Kevin Connauton,"FLA, PHI",D,32,1990-02-23,-,-,-,-,74,205,2009,VAN,3,22,83
165,Ben Chiarot,"FLA, MTL",D,31,1991-05-09,-,-,-,-,75,234,2009,ATL,4,29,120
166,Erik Haula,BOS,L,31,1991-03-23,-,-,-,-,71,191,2009,MIN,7,1,182
167,Anders Lee,NYI,L,31,1990-07-03,-,-,-,-,75,235,2009,NYI,6,1,152
168,Nick Jensen,WSH,D,31,1990-09-21,-,-,-,-,73,205,2009,DET,5,29,150
169,Nic Dowd,WSH,C,31,1990-05-27,-,-,-,-,73,193,2009,L.A,7,17,198
170,Justin Dowling,VAN,C,31,1990-10-01,-,-,-,-,70,180,-,-,-,-,-
171,Brenden Dillon,WPG,D,31,1990-11-13,-,-,-,-,76,220,-,-,-,-,-
172,Andrew Agozzino,OTT,L,31,1991-01-03,-,-,-,-,70,187,-,-,-,-,-
173,Radko Gudas,FLA,D,31,1990-06-05,-,-,-,-,72,208,2010,T.B,3,6,66
174,Matt Irwin,WSH,D,34,1987-11-29,-,-,-,-,74,200,-,-,-,-,-
175,Christopher Tanev,CGY,D,32,1989-12-20,-,-,-,-,74,197,-,-,-,-,-
176,Mats Zuccarello,MIN,R,34,1987-09-01,-,-,-,-,68,181,-,-,-,-,-
177,Calle Jarnkrok,"CGY, SEA",C,30,1991-09-25,-,-,-,-,71,186,2010,DET,2,21,51
178,Justin Holl,TOR,D,30,1992-01-30,-,-,-,-,76,194,2010,CHI,2,24,54
179,Jason Zucker,PIT,L,30,1992-01-16,-,-,-,-,71,192,2010,MIN,2,29,59
180,Tyler Toffoli,"CGY, MTL",R,30,1992-04-24,-,-,-,-,72,196,2010,L.A,2,17,47
181,Johan Larsson,"ARI, WSH",L,29,1992-07-25,-,-,-,-,71,206,2010,MIN,2,26,56
182,Greg McKegg,NYR,C,29,1992-06-17,-,-,-,-,72,195,2010,TOR,3,2,62
183,Evgeny Kuznetsov,WSH,C,29,1992-05-19,-,-,-,-,74,207,2010,WSH,1,26,26
184,Charlie Coyle,BOS,C,30,1992-03-02,-,-,-,-,75,219,2010,S.J,1,28,28
185,Patrik Nemeth,NYR,D,30,1992-02-08,-,-,-,-,76,230,2010,DAL,2,11,41
186,Jon Merrill,MIN,D,30,1992-02-03,-,-,-,-,75,204,2010,N.J,2,8,38
187,Tyler Pitlick,"CGY, MTL",C,30,1991-11-01,-,-,-,-,74,200,2010,EDM,2,1,31
188,Justin Faulk,STL,D,30,1992-03-20,-,-,-,-,72,214,2010,CAR,2,7,37
189,Brock Nelson,NYI,C,30,1991-10-15,-,-,-,-,76,212,2010,NYI,1,30,30
190,Nick Bjugstad,MIN,C,29,1992-07-17,-,-,-,-,78,209,2010,FLA,1,19,19
191,Derek Forbort,BOS,D,30,1992-03-04,-,-,-,-,76,217,2010,L.A,1,15,15
192,Kevin Hayes,PHI,C,30,1992-05-08,-,-,-,-,77,216,2010,CHI,1,24,24
193,Cam Fowler,ANA,D,30,1991-12-05,-,-,-,-,74,215,2010,ANA,1,12,12
194,Vladimir Tarasenko,STL,R,30,1991-12-13,-,-,-,-,73,228,2010,STL,1,16,16
195,Austin Watson,OTT,L,30,1992-01-13,-,-,-,-,76,204,2010,NSH,1,18,18
196,Jaden Schwartz,SEA,C,29,1992-06-25,-,-,-,-,70,190,2010,STL,1,14,14
197,Riley Sheahan,SEA,C,30,1991-12-07,-,-,-,-,74,216,2010,DET,1,21,21
198,Chris Wagner,BOS,R,30,1991-05-27,-,-,-,-,72,191,2010,ANA,5,2,122
199,Jeff Skinner,BUF,L,29,1992-05-16,-,-,-,-,71,197,2010,CAR,1,7,7
200,Zach Hyman,EDM,L,29,1992-06-09,-,-,-,-,73,211,2010,FLA,5,3,123
201,Erik Gudbranson,CGY,D,30,1992-01-07,-,-,-,-,77,222,2010,FLA,1,3,3
202,Taylor Hall,BOS,L,30,1991-11-14,-,-,-,-,73,208,2010,EDM,1,1,1
203,Brett Connolly,CHI,R,30,1992-05-02,-,-,-,-,75,198,2010,T.B,1,6,6
204,Ryan Johansen,NSH,C,29,1992-07-31,-,-,-,-,75,218,2010,CBJ,1,4,4
205,Tyler Seguin,DAL,C,30,1992-01-31,-,-,-,-,73,200,2010,BOS,1,2,2
206,Mark Pysyk,BUF,D,30,1992-01-11,-,-,-,-,73,198,2010,BUF,1,23,23
207,Jarred Tinordi,NYR,D,30,1992-02-20,-,-,-,-,78,232,2010,MTL,1,22,22
208,Mikael Granlund,NSH,C,30,1992-02-26,-,-,-,-,70,185,2010,MIN,1,9,9
209,Nino Niederreiter,CAR,R,29,1992-09-08,-,-,-,-,74,218,2010,NYI,1,5,5
210,Bryan Rust,PIT,R,29,1992-05-11,-,-,-,-,71,192,2010,PIT,3,20,80
211,Joonas Donskoi,SEA,R,30,1992-04-13,-,-,-,-,72,190,2010,FLA,4,9,99
212,Jani Hakanpaa,DAL,D,30,1992-03-31,-,-,-,-,78,220,2010,STL,4,14,104
213,Sam Carrick,ANA,C,30,1992-02-04,-,-,-,-,72,200,2010,TOR,5,24,144
214,Brendan Gallagher,MTL,R,30,1992-05-06,-,-,-,-,69,184,2010,MTL,5,27,147
215,Jesper Fast,CAR,R,30,1991-12-02,-,-,-,-,73,191,2010,NYR,6,7,157
216,John Klingberg,DAL,D,29,1992-08-14,-,-,-,-,75,190,2010,DAL,5,11,131
217,Mark Stone,VGK,R,29,1992-05-13,-,-,-,-,75,209,2010,OTT,6,28,178
218,Michael Sgarbossa,WSH,C,29,1992-07-25,-,-,-,-,72,179,-,-,-,-,-
219,Alex Belzile,MTL,R,30,1991-08-31,-,-,-,-,72,197,-,-,-,-,-
220,Colin Blackwell,"SEA, TOR",C,29,1993-03-28,-,-,-,-,69,190,2011,S.J,7,13,193
221,Matthew Peca,STL,C,29,1993-04-27,-,-,-,-,68,181,2011,T.B,7,20,201
222,Ryan Dzingel,"ARI, S.J",C,30,1992-03-09,-,-,-,-,72,190,2011,OTT,7,23,204
223,Ondrej Palat,T.B,L,31,1991-03-28,-,-,-,-,72,194,2011,T.B,7,27,208
224,Josh Manson,"ANA, COL",D,30,1991-10-07,-,-,-,-,75,218,2011,ANA,6,9,160
225,Max McCormick,SEA,L,30,1992-05-01,-,-,-,-,71,188,2011,OTT,6,20,171
226,Josh Archibald,EDM,R,29,1992-10-06,-,-,-,-,70,176,2011,PIT,6,23,174
227,Travis Boyd,ARI,C,28,1993-09-14,-,-,-,-,72,190,2011,WSH,6,26,177
228,Dylan DeMelo,WPG,D,29,1993-05-01,-,-,-,-,72,191,2011,S.J,6,28,179
229,Gregory Hofmann,CBJ,C,29,1992-11-13,-,-,-,-,72,194,2011,CAR,4,12,103
230,Johnny Gaudreau,CGY,L,28,1993-08-13,-,-,-,-,69,165,2011,CGY,4,13,104
231,Fredrik Claesson,T.B,D,29,1992-11-24,-,-,-,-,73,196,2011,OTT,5,5,126
232,Nick Seeler,PHI,D,28,1993-06-03,-,-,-,-,74,201,2011,MIN,5,10,131
233,Sean Kuraly,CBJ,C,29,1993-01-20,-,-,-,-,74,205,2011,S.J,5,12,133
234,Vincent Trocheck,CAR,C,28,1993-07-11,-,-,-,-,70,183,2011,FLA,3,3,64
235,Joseph Cramarossa,MIN,C,29,1992-10-26,-,-,-,-,73,190,2011,ANA,3,4,65
236,T.J. Tynan,L.A,C,30,1992-02-25,-,-,-,-,68,165,2011,CBJ,3,5,66
237,Adam Lowry,WPG,C,29,1993-03-29,-,-,-,-,77,210,2011,WPG,3,6,67
238,Nick Cousins,NSH,C,28,1993-07-20,-,-,-,-,71,192,2011,PHI,3,7,68
239,Steven Fogarty,BOS,C,29,1993-04-19,-,-,-,-,75,200,2011,NYR,3,11,72
240,Blake Coleman,CGY,C,30,1991-11-28,-,-,-,-,71,207,2011,N.J,3,14,75
241,Logan Shaw,OTT,R,29,1992-10-05,-,-,-,-,75,208,2011,FLA,3,15,76
242,Andy Andreoff,NYI,C,30,1991-05-17,-,-,-,-,73,200,2011,L.A,3,19,80
243,Josh Leivo,CAR,L,28,1993-05-26,-,-,-,-,74,192,2011,TOR,3,25,86
244,Kyle Rau,MIN,C,29,1992-10-24,-,-,-,-,69,171,2011,FLA,3,30,91
245,Jean-Gabriel Pageau,NYI,C,29,1992-11-11,-,-,-,-,71,180,2011,OTT,4,5,96
246,Mike Reilly,BOS,D,28,1993-07-13,-,-,-,-,74,195,2011,CBJ,4,7,98
247,Rocco Grimaldi,NSH,R,29,1993-02-08,-,-,-,-,66,180,2011,FLA,2,3,33
248,Scott Mayfield,NYI,D,29,1992-10-14,-,-,-,-,77,220,2011,NYI,2,4,34
249,Boone Jenner,CBJ,C,28,1993-06-15,-,-,-,-,74,205,2011,CBJ,2,7,37
250,Dmitrij Jaskin,ARI,R,29,1993-03-23,-,-,-,-,74,216,2011,STL,2,11,41
251,Victor Rask,"MIN, SEA",C,29,1993-03-01,-,-,-,-,74,199,2011,CAR,2,12,42
252,Brandon Saad,STL,L,29,1992-10-27,-,-,-,-,73,215,2011,CHI,2,13,43
253,Brett Ritchie,CGY,R,28,1993-07-01,-,-,-,-,76,220,2011,DAL,2,14,44
254,Joel Edmundson,MTL,D,28,1993-06-28,-,-,-,-,77,224,2011,STL,2,16,46
255,Matt Nieto,S.J,L,29,1992-11-05,-,-,-,-,71,187,2011,S.J,2,17,47
256,William Karlsson,VGK,C,29,1993-01-08,-,-,-,-,72,192,2011,ANA,2,23,53
257,Scott Harrington,CBJ,D,29,1993-03-10,-,-,-,-,74,204,2011,PIT,2,24,54
258,Nikita Kucherov,T.B,R,28,1993-06-17,-,-,-,-,71,183,2011,T.B,2,28,58
259,Ryan Nugent-Hopkins,EDM,C,29,1993-04-12,-,-,-,-,72,184,2011,EDM,1,1,1
260,Gabriel Landeskog,COL,L,29,1992-11-23,-,-,-,-,73,215,2011,COL,1,2,2
261,Jonathan Huberdeau,FLA,L,28,1993-06-04,-,-,-,-,73,202,2011,FLA,1,3,3
262,Adam Larsson,SEA,D,29,1992-11-12,-,-,-,-,75,208,2011,N.J,1,4,4
263,Ryan Strome,NYR,C,28,1993-07-11,-,-,-,-,73,191,2011,NYI,1,5,5
264,Mika Zibanejad,NYR,C,29,1993-04-18,-,-,-,-,74,200,2011,OTT,1,6,6
265,Mark Scheifele,WPG,C,29,1993-03-15,-,-,-,-,75,207,2011,WPG,1,7,7
266,Sean Couturier,PHI,C,29,1992-12-07,-,-,-,-,75,211,2011,PHI,1,8,8
267,Dougie Hamilton,N.J,D,28,1993-06-17,-,-,-,-,78,230,2011,BOS,1,9,9
268,Jonas Brodin,MIN,D,28,1993-07-12,-,-,-,-,74,196,2011,MIN,1,10,10
269,Sven Baertschi,VGK,L,29,1992-10-05,-,-,-,-,71,190,2011,CGY,1,13,13
270,Jamie Oleksiak,SEA,D,29,1992-12-21,-,-,-,-,79,255,2011,DAL,1,14,14
271,J.T. Miller,VAN,C,29,1993-03-14,-,-,-,-,73,218,2011,NYR,1,15,15
272,Joel Armia,MTL,R,28,1993-05-31,-,-,-,-,75,218,2011,BUF,1,16,16
273,Nathan Beaulieu,WPG,D,29,1992-12-05,-,-,-,-,74,200,2011,MTL,1,17,17
274,Connor Murphy,CHI,D,29,1993-03-26,-,-,-,-,76,212,2011,PHX,1,20,20
275,Stefan Noesen,CAR,R,29,1993-02-12,-,-,-,-,73,205,2011,OTT,1,21,21
276,Phillip Danault,L.A,C,29,1993-02-24,-,-,-,-,73,200,2011,CHI,1,26,26
277,Vladislav Namestnikov,"DAL, DET",C,29,1992-11-22,-,-,-,-,72,180,2011,T.B,1,27,27
278,Rickard Rakell,"ANA, PIT","L, R",29,1993-05-05,-,-,-,-,73,195,2011,ANA,1,30,30
279,Seth Griffith,EDM,C,29,1993-01-04,-,-,-,-,69,190,2012,BOS,5,10,131
280,Turner Elson,DET,C,29,1992-09-13,-,-,-,-,72,191,-,-,-,-,-
281,Colin Miller,BUF,D,29,1992-10-29,-,-,-,-,73,198,2012,L.A,5,30,151
282,Jonathan Marchessault,VGK,C,31,1990-12-27,-,-,-,-,69,184,-,-,-,-,-
283,Kurtis Gabriel,CHI,R,29,1993-04-20,-,-,-,-,76,212,2013,MIN,3,20,81
284,Barclay Goodrow,NYR,C,29,1993-02-26,-,-,-,-,74,204,-,-,-,-,-
285,Brad Hunt,VAN,D,33,1988-08-24,-,-,-,-,69,177,-,-,-,-,-
286,Torey Krug,STL,D,31,1991-04-12,-,-,-,-,69,194,-,-,-,-,-
287,Matt Tennyson,NSH,D,32,1990-04-23,-,-,-,-,74,205,-,-,-,-,-
288,Luke Glendening,DAL,C,33,1989-04-28,-,-,-,-,71,190,-,-,-,-,-
289,Yanni Gourde,SEA,C,30,1991-12-15,-,-,-,-,69,173,-,-,-,-,-
290,Ryan Murray,COL,D,28,1993-09-27,-,-,-,-,73,206,2012,CBJ,1,2,2
291,Alex Galchenyuk,ARI,C,28,1994-02-12,-,-,-,-,73,194,2012,MTL,1,3,3
292,Morgan Rielly,TOR,D,28,1994-03-09,-,-,-,-,73,220,2012,TOR,1,5,5
293,Hampus Lindholm,"ANA, BOS",D,28,1994-01-20,-,-,-,-,76,213,2012,ANA,1,6,6
294,Matt Dumba,MIN,D,27,1994-07-25,-,-,-,-,72,181,2012,MIN,1,7,7
295,Brendan Gaunce,CBJ,C,28,1994-03-25,-,-,-,-,75,214,2012,VAN,1,26,26
296,Brady Skjei,CAR,D,28,1994-03-26,-,-,-,-,75,210,2012,NYR,1,28,28
297,Stefan Matteau,COL,C,28,1994-02-23,-,-,-,-,74,208,2012,N.J,1,29,29
298,Tanner Pearson,VAN,L,29,1992-08-10,-,-,-,-,73,201,2012,L.A,1,30,30
299,Scott Laughton,PHI,C,27,1994-05-30,-,-,-,-,73,190,2012,PHI,1,20,20
300,Mark Jankowski,BUF,C,27,1994-09-13,-,-,-,-,76,212,2012,CGY,1,21,21
301,Olli Maatta,L.A,D,27,1994-08-22,-,-,-,-,74,210,2012,PIT,1,22,22
302,Mike Matheson,PIT,D,28,1994-02-27,-,-,-,-,74,188,2012,FLA,1,23,23
303,Zemgus Girgensons,BUF,L,28,1994-01-05,-,-,-,-,74,213,2012,BUF,1,14,14
304,Cody Ceci,EDM,D,28,1993-12-21,-,-,-,-,74,210,2012,OTT,1,15,15
305,Tom Wilson,WSH,R,28,1994-03-29,-,-,-,-,76,220,2012,WSH,1,16,16
306,Tomas Hertl,S.J,C,28,1993-11-12,-,-,-,-,75,215,2012,S.J,1,17,17
307,Teuvo Teravainen,CAR,L,27,1994-09-11,-,-,-,-,71,191,2012,CHI,1,18,18
308,Derrick Pouliot,"SEA, VGK",D,28,1994-01-16,-,-,-,-,72,196,2012,PIT,1,8,8
309,Jacob Trouba,NYR,D,28,1994-02-26,-,-,-,-,75,208,2012,WPG,1,9,9
310,Slater Koekkoek,EDM,D,28,1994-02-18,-,-,-,-,74,193,2012,T.B,1,10,10
311,Filip Forsberg,NSH,L,27,1994-08-13,-,-,-,-,73,205,2012,WSH,1,11,11
312,Radek Faksa,DAL,C,28,1994-01-09,-,-,-,-,75,220,2012,DAL,1,13,13
313,Matt Grzelcyk,BOS,D,28,1994-01-05,-,-,-,-,69,178,2012,BOS,3,24,85
314,Colton Parayko,STL,D,28,1993-05-12,-,-,-,-,78,228,2012,STL,3,25,86
315,Oskar Sundqvist,"DET, STL",C,28,1994-03-23,-,-,-,-,75,208,2012,PIT,3,20,81
316,Esa Lindell,DAL,D,27,1994-05-23,-,-,-,-,75,220,2012,DAL,3,13,74
317,Chandler Stephenson,VGK,C,28,1994-04-22,-,-,-,-,72,203,2012,WSH,3,16,77
318,Shayne Gostisbehere,ARI,D,29,1993-04-20,-,-,-,-,71,180,2012,PHI,3,17,78
319,Mackenzie MacEachern,STL,L,28,1994-03-09,-,-,-,-,74,193,2012,STL,3,6,67
320,Devin Shore,EDM,C,27,1994-07-19,-,-,-,-,73,206,2012,DAL,2,31,61
321,Jujhar Khaira,CHI,L,27,1994-08-13,-,-,-,-,76,212,2012,EDM,3,2,63
322,Adam Pelech,NYI,D,27,1994-08-16,-,-,-,-,75,205,2012,NYI,3,4,65
323,Jimmy Vesey,N.J,L,28,1993-05-26,-,-,-,-,75,202,2012,NSH,3,5,66
324,Chris Tierney,OTT,C,27,1994-07-01,-,-,-,-,73,191,2012,S.J,2,25,55
325,Jordan Martinook,CAR,L,29,1992-07-25,-,-,-,-,72,196,2012,PHX,2,28,58
326,Damon Severson,N.J,D,27,1994-08-07,-,-,-,-,74,205,2012,N.J,2,30,60
327,Martin Frk,L.A,R,28,1993-10-05,-,-,-,-,73,205,2012,DET,2,19,49
328,Colton Sissons,NSH,C,28,1993-11-05,-,-,-,-,73,200,2012,NSH,2,20,50
329,Teddy Blueger,PIT,C,27,1994-08-15,-,-,-,-,72,185,2012,PIT,2,22,52
330,Jake McCabe,CHI,D,28,1993-10-12,-,-,-,-,73,204,2012,BUF,2,14,44
331,Brock McGinn,PIT,L,28,1994-02-02,-,-,-,-,72,187,2012,CAR,2,17,47
332,Dominic Toninato,WPG,C,28,1994-03-09,-,-,-,-,74,191,2012,TOR,5,5,126
333,Jaccob Slavin,CAR,D,28,1994-05-01,-,-,-,-,75,207,2012,CAR,4,29,120
334,Andreas Athanasiou,L.A,C,27,1994-08-06,-,-,-,-,74,190,2012,DET,4,19,110
335,Gemel Smith,DET,C,28,1994-04-16,-,-,-,-,70,203,2012,DAL,4,13,104
336,Brett Kulak,"EDM, MTL",D,28,1994-01-06,-,-,-,-,73,197,2012,CGY,4,14,105
337,Cedric Paquette,MTL,C,28,1993-08-13,-,-,-,-,72,205,2012,T.B,4,10,101
338,Erik Gustafsson,CHI,D,30,1992-03-14,-,-,-,-,72,197,2012,EDM,4,2,93
339,Josh Anderson,MTL,R,28,1994-05-07,-,-,-,-,75,227,2012,CBJ,4,4,95
340,Danny O'Regan,ANA,C,28,1994-01-30,-,-,-,-,70,180,2012,S.J,5,17,138
341,Paul LaDue,NYI,D,29,1992-09-06,-,-,-,-,74,200,2012,L.A,6,30,181
342,Matthew Benning,NSH,D,27,1994-05-25,-,-,-,-,73,203,2012,BOS,6,24,175
343,Petteri Lindbohm,FLA,D,28,1993-09-23,-,-,-,-,75,198,2012,STL,6,25,176
344,Vinnie Hinostroza,BUF,C,28,1994-04-03,-,-,-,-,70,177,2012,CHI,6,18,169
345,Riley Barber,DET,R,28,1994-02-07,-,-,-,-,72,199,2012,WSH,6,16,167
346,Connor Brown,OTT,R,28,1994-01-14,-,-,-,-,72,181,2012,TOR,6,5,156
347,Ben Hutton,VGK,D,29,1993-04-20,-,-,-,-,74,206,2012,VAN,5,26,147
348,Alexander Kerfoot,TOR,C,27,1994-08-11,-,-,-,-,70,181,2012,N.J,5,29,150
349,Jaycob Megna,S.J,D,29,1992-12-10,-,-,-,-,78,220,2012,ANA,7,29,210
350,Liam O'Brien,ARI,C,27,1994-07-29,-,-,-,-,73,213,-,-,-,-,-
351,Kurtis MacDermid,COL,D,28,1994-03-25,-,-,-,-,77,233,-,-,-,-,-
352,Jayson Megna,COL,C,32,1990-02-01,-,-,-,-,73,195,-,-,-,-,-
353,Scott Sabourin,OTT,R,29,1992-07-30,-,-,-,-,75,208,-,-,-,-,-
354,Andrej Sustr,"ANA, T.B",D,31,1990-11-29,-,-,-,-,79,217,-,-,-,-,-
355,Buddy Robinson,ANA,R,30,1991-09-30,-,-,-,-,78,232,-,-,-,-,-
356,Danny DeKeyser,DET,D,32,1990-03-07,-,-,-,-,75,183,-,-,-,-,-
357,Nate Schmidt,WPG,D,30,1991-07-16,-,-,-,-,72,194,-,-,-,-,-
358,Carter Rowney,DET,C,33,1989-05-10,-,-,-,-,74,208,-,-,-,-,-
359,Chad Ruhwedel,PIT,D,32,1990-05-07,-,-,-,-,71,191,-,-,-,-,-
360,Michael Raffl,DAL,L,33,1988-12-01,-,-,-,-,73,205,-,-,-,-,-
361,Anton Blidh,BOS,L,27,1995-03-14,-,-,-,-,73,197,2013,BOS,6,29,180
362,Dominik Kubalik,CHI,L,26,1995-08-21,-,-,-,-,74,179,2013,L.A,7,10,191
363,Kyle Burroughs,VAN,D,26,1995-07-12,-,-,-,-,72,193,2013,NYI,7,15,196
364,Andreas Johnsson,N.J,L,27,1994-11-21,-,-,-,-,70,195,2013,TOR,7,21,202
365,Tyler Lewington,BOS,D,27,1994-12-05,-,-,-,-,74,195,2013,WSH,7,23,204
366,MacKenzie Weegar,FLA,D,28,1994-01-07,-,-,-,-,72,200,2013,FLA,7,25,206
367,Tyler Motte,"NYR, VAN",C,27,1995-03-10,-,-,-,-,70,192,2013,CHI,4,30,121
368,Will Butcher,BUF,D,27,1995-01-06,-,-,-,-,70,190,2013,COL,5,2,123
369,Tucker Poolman,VAN,D,28,1993-06-08,-,-,-,-,74,199,2013,WPG,5,6,127
370,Connor Clifton,BOS,D,27,1995-04-28,-,-,-,-,71,189,2013,PHX,5,12,133
371,Carson Soucy,SEA,D,27,1994-07-27,-,-,-,-,77,211,2013,MIN,5,16,137
372,Jonny Brodzinski,NYR,C,28,1993-06-19,-,-,-,-,73,211,2013,L.A,5,27,148
373,Josh Brown,"BOS, OTT",D,28,1994-01-21,-,-,-,-,77,220,2013,FLA,6,1,152
374,Hudson Fasching,ARI,R,26,1995-07-28,-,-,-,-,75,204,2013,L.A,4,27,118
375,John Hayden,BUF,C,27,1995-02-14,-,-,-,-,75,223,2013,CHI,3,13,74
376,Pavel Buchnevich,STL,L,27,1995-04-17,-,-,-,-,73,196,2013,NYR,3,14,75
377,Jake Guentzel,PIT,L,27,1994-10-06,-,-,-,-,71,180,2013,PIT,3,16,77
378,Mattias Janmark,VGK,C,29,1992-12-08,-,-,-,-,73,205,2013,DET,3,18,79
379,Anthony Duclair,FLA,L,26,1995-08-26,-,-,-,-,71,197,2013,NYR,3,19,80
380,Carter Verhaeghe,FLA,C,26,1995-08-14,-,-,-,-,74,180,2013,TOR,3,21,82
381,Oliver Bjorkstrand,CBJ,R,27,1995-04-10,-,-,-,-,72,177,2013,CBJ,3,28,89
382,Mason Geertsen,N.J,D,27,1995-04-19,-,-,-,-,76,227,2013,COL,4,2,93
383,Miles Wood,N.J,L,26,1995-09-13,-,-,-,-,74,195,2013,N.J,4,9,100
384,Nicholas Paul,"OTT, T.B",L,27,1995-03-20,-,-,-,-,75,224,2013,DAL,4,10,101
385,Andrew Copp,"NYR, WPG",C,27,1994-07-08,-,-,-,-,73,206,2013,WPG,4,13,104
386,Ben Harpur,NSH,D,27,1995-01-12,-,-,-,-,78,231,2013,OTT,4,17,108
387,Ryan Graves,N.J,D,26,1995-05-21,-,-,-,-,77,220,2013,NYR,4,19,110
388,Andre Burakovsky,COL,L,27,1995-02-09,-,-,-,-,75,201,2013,WSH,1,23,23
389,Michael McCarron,NSH,R,27,1995-03-07,-,-,-,-,78,232,2013,MTL,1,25,25
390,Shea Theodore,VGK,D,26,1995-08-03,-,-,-,-,74,197,2013,ANA,1,26,26
391,Jason Dickinson,VAN,C,26,1995-07-04,-,-,-,-,74,200,2013,DAL,1,29,29
392,Ryan Hartman,MIN,R,27,1994-09-20,-,-,-,-,72,197,2013,CHI,1,30,30
393,Adam Erne,DET,L,27,1995-04-20,-,-,-,-,73,211,2013,T.B,2,3,33
394,J.T. Compher,COL,L,27,1995-04-08,-,-,-,-,72,190,2013,BUF,2,5,35
395,Laurent Dauphin,MTL,C,27,1995-03-27,-,-,-,-,72,186,2013,PHX,2,9,39
396,Remi Elie,T.B,L,27,1995-04-16,-,-,-,-,73,215,2013,DAL,2,10,40
397,Robert Hagg,"BUF, FLA",D,27,1995-02-08,-,-,-,-,74,207,2013,PHI,2,11,41
398,Nic Petan,VAN,C,27,1995-03-22,-,-,-,-,69,175,2013,WPG,2,13,43
399,Dillon Heatherington,OTT,D,27,1995-05-09,-,-,-,-,76,215,2013,CBJ,2,20,50
400,Carl Dahlstrom,TOR,D,27,1995-01-28,-,-,-,-,77,229,2013,CHI,2,21,51
401,Justin Bailey,VAN,R,26,1995-07-01,-,-,-,-,76,214,2013,BUF,2,22,52
402,Madison Bowey,VAN,D,27,1995-04-22,-,-,-,-,74,202,2013,WSH,2,23,53
403,Artturi Lehkonen,"COL, MTL",L,26,1995-07-04,-,-,-,-,71,179,2013,MTL,2,25,55
404,William Carrier,VGK,L,27,1994-12-20,-,-,-,-,74,212,2013,STL,2,27,57
405,Tyler Bertuzzi,DET,L,27,1995-02-24,-,-,-,-,73,197,2013,DET,2,28,58
406,Zach Sanford,"OTT, WPG",L,27,1994-11-09,-,-,-,-,76,206,2013,WSH,2,31,61
407,Brett Pesce,CAR,D,27,1994-11-15,-,-,-,-,75,206,2013,CAR,3,5,66
408,Nathan MacKinnon,COL,C,26,1995-09-01,-,-,-,-,72,200,2013,COL,1,1,1
409,Aleksander Barkov,FLA,C,26,1995-09-02,-,-,-,-,75,215,2013,FLA,1,2,2
410,Jonathan Drouin,MTL,L,27,1995-03-28,-,-,-,-,72,203,2013,T.B,1,3,3
411,Seth Jones,CHI,D,27,1994-10-03,-,-,-,-,76,213,2013,NSH,1,4,4
412,Elias Lindholm,CGY,C,27,1994-12-02,-,-,-,-,73,195,2013,CAR,1,5,5
413,Sean Monahan,CGY,C,27,1994-10-12,-,-,-,-,74,200,2013,CGY,1,6,6
414,Darnell Nurse,EDM,D,27,1995-02-04,-,-,-,-,76,221,2013,EDM,1,7,7
415,Rasmus Ristolainen,PHI,D,27,1994-10-27,-,-,-,-,76,221,2013,BUF,1,8,8
416,Bo Horvat,VAN,C,27,1995-04-05,-,-,-,-,72,215,2013,VAN,1,9,9
417,Valeri Nichushkin,COL,R,27,1995-03-04,-,-,-,-,76,210,2013,DAL,1,10,10
418,Max Domi,"CAR, CBJ",C,27,1995-03-02,-,-,-,-,70,194,2013,PHX,1,12,12
419,Josh Morrissey,WPG,D,27,1995-03-28,-,-,-,-,72,195,2013,WPG,1,13,13
420,Alex Wennberg,SEA,C,27,1994-09-22,-,-,-,-,74,197,2013,CBJ,1,14,14
421,Ryan Pulock,NYI,D,27,1994-10-06,-,-,-,-,74,215,2013,NYI,1,15,15
422,Nikita Zadorov,CGY,D,27,1995-04-16,-,-,-,-,78,235,2013,BUF,1,16,16
423,Curtis Lazar,BOS,C,27,1995-02-02,-,-,-,-,72,203,2013,OTT,1,17,17
424,Anthony Mantha,WSH,R,27,1994-09-16,-,-,-,-,77,234,2013,DET,1,20,20
425,Frederik Gauthier,N.J,C,27,1995-04-26,-,-,-,-,77,239,2013,TOR,1,21,21
426,Ross Johnston,NYI,L,28,1994-02-18,-,-,-,-,77,232,-,-,-,-,-
427,Dakota Mermis,MIN,D,28,1994-01-05,-,-,-,-,72,195,-,-,-,-,-
428,Nathan Walker,STL,L,28,1994-02-07,-,-,-,-,69,187,2014,WSH,3,29,89
429,Brandon Baddock,MTL,L,27,1995-03-29,-,-,-,-,75,218,2014,N.J,6,11,161
430,Joel Hanley,DAL,D,30,1991-06-08,-,-,-,-,71,190,-,-,-,-,-
431,Conor Sheary,WSH,L,29,1992-06-08,-,-,-,-,69,179,-,-,-,-,-
432,Trevor van Riemsdyk,WSH,D,30,1991-07-24,-,-,-,-,75,191,-,-,-,-,-
433,Ryan Carpenter,"CGY, CHI",C,31,1991-01-18,-,-,-,-,72,200,-,-,-,-,-
434,Jordan Oesterle,DET,D,29,1992-06-25,-,-,-,-,72,188,-,-,-,-,-
435,Patrick Brown,PHI,C,29,1992-05-29,-,-,-,-,73,210,-,-,-,-,-
436,Garnet Hathaway,WSH,R,30,1991-11-23,-,-,-,-,75,208,-,-,-,-,-
437,Frederick Gaudreau,MIN,C,29,1993-05-01,-,-,-,-,72,184,-,-,-,-,-
438,Pierre-Edouard Bellemare,T.B,L,37,1985-03-06,-,-,-,-,72,198,-,-,-,-,-
439,Tomas Nosek,BOS,L,29,1992-09-01,-,-,-,-,75,205,-,-,-,-,-
440,Aaron Ekblad,FLA,D,26,1996-02-07,-,-,-,-,76,215,2014,FLA,1,1,1
441,Sam Reinhart,FLA,C,26,1995-11-06,-,-,-,-,74,193,2014,BUF,1,2,2
442,Leon Draisaitl,EDM,C,26,1995-10-27,-,-,-,-,74,208,2014,EDM,1,3,3
443,Sam Bennett,FLA,C,25,1996-06-20,-,-,-,-,73,195,2014,CGY,1,4,4
444,Michael Dal Colle,NYI,L,25,1996-06-20,-,-,-,-,75,195,2014,NYI,1,5,5
445,Haydn Fleury,SEA,D,25,1996-07-08,-,-,-,-,75,208,2014,CAR,1,7,7
446,William Nylander,TOR,R,26,1996-05-01,-,-,-,-,72,202,2014,TOR,1,8,8
447,Nikolaj Ehlers,WPG,L,26,1996-02-14,-,-,-,-,72,172,2014,WPG,1,9,9
448,Nick Ritchie,"ARI, TOR",L,26,1995-12-05,-,-,-,-,75,236,2014,ANA,1,10,10
449,Kevin Fiala,MIN,L,25,1996-07-22,-,-,-,-,70,204,2014,NSH,1,11,11
450,Brendan Perlini,EDM,L,26,1996-04-27,-,-,-,-,75,211,2014,ARI,1,12,12
451,Jakub Vrana,DET,L,26,1996-02-28,-,-,-,-,72,196,2014,WSH,1,13,13
452,Dylan Larkin,DET,C,25,1996-07-30,-,-,-,-,73,198,2014,DET,1,15,15
453,Sonny Milano,ANA,L,25,1996-05-12,-,-,-,-,72,194,2014,CBJ,1,16,16
454,Travis Sanheim,PHI,D,26,1996-03-29,-,-,-,-,75,181,2014,PHI,1,17,17
455,Alex Tuch,BUF,R,26,1996-05-10,-,-,-,-,76,217,2014,MIN,1,18,18
456,Tony DeAngelo,CAR,D,26,1995-10-24,-,-,-,-,71,180,2014,T.B,1,19,19
457,Nick Schmaltz,ARI,C,26,1996-02-23,-,-,-,-,72,181,2014,CHI,1,20,20
458,Robby Fabbri,DET,C,26,1996-01-22,-,-,-,-,71,183,2014,STL,1,21,21
459,Kasperi Kapanen,PIT,R,25,1996-07-23,-,-,-,-,73,194,2014,PIT,1,22,22
460,Jared McCann,SEA,L,25,1996-05-31,-,-,-,-,73,185,2014,VAN,1,24,24
461,David Pastrnak,BOS,R,25,1996-05-25,-,-,-,-,72,195,2014,BOS,1,25,25
462,Adrian Kempe,L.A,C,25,1996-09-13,-,-,-,-,74,200,2014,L.A,1,29,29
463,Brendan Lemieux,L.A,L,26,1996-03-15,-,-,-,-,73,215,2014,BUF,2,1,31
464,Ivan Barbashev,STL,C,26,1995-12-14,-,-,-,-,73,195,2014,STL,2,3,33
465,Marcus Pettersson,PIT,D,26,1996-05-08,-,-,-,-,75,177,2014,ANA,2,8,38
466,Ryan MacInnis,BUF,C,26,1996-02-14,-,-,-,-,75,201,2014,ARI,2,13,43
467,Nicolas Aube-Kubel,"COL, PHI",R,26,1996-05-10,-,-,-,-,71,187,2014,PHI,2,18,48
468,Brandon Montour,FLA,D,28,1994-04-11,-,-,-,-,72,194,2014,ANA,2,25,55
469,Ryan Donato,SEA,C,26,1996-04-09,-,-,-,-,72,192,2014,BOS,2,26,56
470,Christian Dvorak,MTL,L,26,1996-02-02,-,-,-,-,73,200,2014,ARI,2,28,58
471,Juho Lammikko,VAN,L,26,1996-01-29,-,-,-,-,74,191,2014,FLA,3,5,65
472,Warren Foegele,EDM,L,26,1996-04-01,-,-,-,-,74,198,2014,CAR,3,7,67
473,Brayden Point,T.B,C,26,1996-03-13,-,-,-,-,70,183,2014,T.B,3,19,79
474,Jake Walman,"DET, STL",D,26,1996-02-20,-,-,-,-,74,215,2014,STL,3,22,82
475,Mark Friedman,PIT,D,26,1995-12-25,-,-,-,-,71,185,2014,PHI,3,26,86
476,Michael Amadio,"TOR, VGK",C,25,1996-05-13,-,-,-,-,74,205,2014,L.A,3,30,90
477,William Lagesson,"EDM, MTL",D,26,1996-02-22,-,-,-,-,74,207,2014,EDM,4,1,91
478,Chase DeLeo,N.J,C,26,1995-10-25,-,-,-,-,69,185,2014,WPG,4,9,99
479,Devon Toews,COL,D,28,1994-02-21,-,-,-,-,73,191,2014,NYI,4,18,108
480,Austin Poganski,WPG,R,26,1996-02-16,-,-,-,-,73,198,2014,STL,4,20,110
481,Viktor Arvidsson,L.A,L,29,1993-04-08,-,-,-,-,70,185,2014,NSH,4,22,112
482,Sam Lafferty,"CHI, PIT","C, R",27,1995-03-06,-,-,-,-,73,195,2014,PIT,4,23,113
483,Danton Heinen,PIT,L,26,1995-07-05,-,-,-,-,73,188,2014,BOS,4,26,116
484,Michael Bunting,TOR,L,26,1995-09-17,-,-,-,-,72,186,2014,ARI,4,27,117
485,Max Willman,PHI,C,27,1995-02-13,-,-,-,-,72,184,2014,BUF,5,1,121
486,Gustav Forsling,FLA,D,25,1996-06-12,-,-,-,-,72,186,2014,VAN,5,6,126
487,Clark Bishop,OTT,C,26,1996-03-29,-,-,-,-,72,199,2014,CAR,5,7,127
488,Dakota Joshua,STL,C,25,1996-05-15,-,-,-,-,75,206,2014,TOR,5,8,128
489,CJ Suess,WPG,L,28,1994-03-17,-,-,-,-,71,190,2014,WPG,5,9,129
490,Dysin Mayo,ARI,D,25,1996-08-17,-,-,-,-,74,183,2014,ARI,5,13,133
491,Oskar Lindblom,PHI,L,25,1996-08-15,-,-,-,-,73,191,2014,PHI,5,18,138
492,Anthony Angello,PIT,R,26,1996-03-06,-,-,-,-,77,210,2014,PIT,5,25,145
493,Anders Bjork,BUF,L,25,1996-08-05,-,-,-,-,72,197,2014,BOS,5,26,146
494,Kevin Labanc,S.J,R,26,1995-12-12,-,-,-,-,71,185,2014,S.J,6,21,171
495,Sammy Blais,NYR,L,25,1996-06-17,-,-,-,-,74,210,2014,STL,6,26,176
496,Dylan Sikura,COL,C,26,1995-06-01,-,-,-,-,71,170,2014,CHI,6,28,178
497,Victor Olofsson,BUF,L,26,1995-07-18,-,-,-,-,71,182,2014,BUF,7,1,181
498,Pierre Engvall,TOR,L,25,1996-05-31,-,-,-,-,77,215,2014,TOR,7,8,188
499,Ondrej Kase,TOR,R,26,1995-11-08,-,-,-,-,72,187,2014,ANA,7,25,205
500,Jake Evans,MTL,C,25,1996-06-02,-,-,-,-,72,176,2014,MTL,7,27,207
501,Jacob Middleton,"MIN, S.J",D,26,1996-01-02,-,-,-,-,75,219,2014,L.A,7,30,210
502,Matthew Highmore,VAN,C,26,1996-02-27,-,-,-,-,71,188,-,-,-,-,-
503,Bokondji Imama,ARI,L,25,1996-08-03,-,-,-,-,73,221,2015,T.B,6,29,180
504,Hayden Hodgson,PHI,R,26,1996-03-02,-,-,-,-,74,208,-,-,-,-,-
505,Darren Raddysh,T.B,D,26,1996-02-28,-,-,-,-,73,200,-,-,-,-,-
506,Dryden Hunt,NYR,L,26,1995-11-24,-,-,-,-,72,192,-,-,-,-,-
507,Andrew Mangiapane,CGY,L,26,1996-04-04,-,-,-,-,70,184,2015,CGY,6,15,166
508,Vladimir Tkachev,L.A,L,26,1995-10-05,-,-,-,-,69,170,-,-,-,-,-
509,Frank Vatrano,"FLA, NYR",C,28,1994-03-14,-,-,-,-,71,197,-,-,-,-,-
510,Noah Hanifin,CGY,D,25,1997-01-25,-,-,-,-,75,215,2015,CAR,1,5,5
511,Rasmus Andersson,CGY,D,25,1996-10-27,-,-,-,-,73,214,2015,CGY,2,23,53
512,Kyle Connor,WPG,L,25,1996-12-09,-,-,-,-,73,182,2015,WPG,1,17,17
513,Jonas Siegenthaler,N.J,D,25,1997-05-06,-,-,-,-,74,218,2015,WSH,2,27,57
514,Colin White,OTT,C,25,1997-01-30,-,-,-,-,73,194,2015,OTT,1,21,21
515,Pavel Zacha,N.J,C,25,1997-04-06,-,-,-,-,75,210,2015,N.J,1,6,6
516,Connor McDavid,EDM,C,25,1997-01-13,-,-,-,-,73,193,2015,EDM,1,1,1
517,Jack Eichel,VGK,C,25,1996-10-28,-,-,-,-,74,213,2015,BUF,1,2,2
518,Vince Dunn,SEA,D,25,1996-10-29,-,-,-,-,72,203,2015,STL,2,26,56
519,Travis Dermott,"TOR, VAN",D,25,1996-12-22,-,-,-,-,72,202,2015,TOR,2,4,34
520,Jordan Greenway,MIN,L,25,1997-02-16,-,-,-,-,78,231,2015,MIN,2,20,50
521,Timo Meier,S.J,R,25,1996-10-08,-,-,-,-,73,220,2015,S.J,1,9,9
522,Jakub Zboril,BOS,D,25,1997-02-21,-,-,-,-,73,191,2015,BOS,1,13,13
523,Erik Cernak,T.B,D,24,1997-05-28,-,-,-,-,75,230,2015,L.A,2,13,43
524,Mikko Rantanen,COL,R,25,1996-10-29,-,-,-,-,76,215,2015,COL,1,10,10
525,A.J. Greer,N.J,L,25,1996-12-14,-,-,-,-,75,210,2015,COL,2,9,39
526,Jansen Harkins,WPG,C,24,1997-05-23,-,-,-,-,73,182,2015,WPG,2,17,47
527,Brendan Guhle,ANA,D,24,1997-07-29,-,-,-,-,74,197,2015,BUF,2,21,51
528,Sebastian Aho,CAR,C,24,1997-07-26,-,-,-,-,72,176,2015,CAR,2,5,35
529,Oliver Kylington,CGY,D,24,1997-05-19,-,-,-,-,72,183,2015,CGY,2,30,60
530,Evgeny Svechnikov,WPG,L,25,1996-10-31,-,-,-,-,75,208,2015,DET,1,19,19
531,Christian Fischer,ARI,R,25,1997-04-15,-,-,-,-,74,212,2015,ARI,2,2,32
532,Keegan Kolesar,VGK,R,25,1997-04-08,-,-,-,-,74,221,2015,CBJ,3,8,69
533,Thomas Novak,NSH,C,25,1997-04-28,-,-,-,-,73,179,2015,NSH,3,24,85
534,Travis Konecny,PHI,R,25,1997-03-11,-,-,-,-,70,175,2015,PHI,1,24,24
535,Dylan Strome,CHI,C,25,1997-03-07,-,-,-,-,75,200,2015,ARI,1,3,3
536,Cooper Marody,EDM,C,25,1996-12-20,-,-,-,-,72,184,2015,PHI,6,7,158
537,Brandon Carlo,BOS,D,25,1996-11-26,-,-,-,-,78,220,2015,BOS,2,7,37
538,Brock Boeser,VAN,R,25,1997-02-25,-,-,-,-,73,208,2015,VAN,1,23,23
539,Mathew Barzal,NYI,C,24,1997-05-26,-,-,-,-,73,187,2015,NYI,1,16,16
540,Glenn Gawdin,CGY,C,25,1997-03-25,-,-,-,-,73,191,2015,STL,4,25,116
541,Nick Merkley,S.J,R,24,1997-05-23,-,-,-,-,70,195,2015,ARI,1,30,30
542,Roope Hintz,DAL,"C, L",25,1996-11-17,-,-,-,-,75,210,2015,DAL,2,19,49
543,Ethan Bear,CAR,D,24,1997-06-26,-,-,-,-,71,197,2015,EDM,5,3,124
544,Caleb Jones,CHI,D,24,1997-06-06,-,-,-,-,73,194,2015,EDM,4,26,117
545,Noah Juulsen,VAN,D,25,1997-04-02,-,-,-,-,74,201,2015,MTL,1,26,26
546,Jack Roslovic,CBJ,C,25,1997-01-29,-,-,-,-,73,193,2015,WPG,1,25,25
547,Zach Werenski,CBJ,D,24,1997-07-19,-,-,-,-,74,213,2015,CBJ,1,8,8
548,Nicolas Roy,VGK,C,25,1997-02-05,-,-,-,-,76,205,2015,CAR,4,5,96
549,Anthony Beauvillier,NYI,L,24,1997-06-08,-,-,-,-,71,180,2015,NYI,1,28,28
550,Guillaume Brisebois,VAN,D,24,1997-07-21,-,-,-,-,74,175,2015,VAN,3,5,66
551,Daniel Sprong,"SEA, WSH",R,25,1997-03-17,-,-,-,-,72,193,2015,PIT,2,16,46
552,Nicolas Meloche,S.J,D,24,1997-07-18,-,-,-,-,75,211,2015,COL,2,10,40
553,Jeremy Lauzon,"NSH, SEA",D,25,1997-04-28,-,-,-,-,73,204,2015,BOS,2,22,52
554,Thomas Chabot,OTT,D,25,1997-01-30,-,-,-,-,74,196,2015,OTT,1,18,18
555,Mathieu Joseph,"OTT, T.B",R,25,1997-02-09,-,-,-,-,73,190,2015,T.B,4,29,120
556,Lawson Crouse,ARI,L,24,1997-06-23,-,-,-,-,76,215,2015,FLA,1,11,11
557,Kyle Capobianco,ARI,D,24,1997-08-13,-,-,-,-,73,199,2015,ARI,3,2,63
558,Mitchell Stephens,DET,C,25,1997-02-05,-,-,-,-,71,190,2015,T.B,2,3,33
559,Blake Speers,ARI,C,25,1997-01-02,-,-,-,-,71,185,2015,N.J,3,6,67
560,Mitchell Marner,TOR,R,25,1997-05-05,-,-,-,-,72,172,2015,TOR,1,4,4
561,Zach Senyshyn,OTT,R,25,1997-03-30,-,-,-,-,73,205,2015,BOS,1,15,15
562,Chase Pearson,DET,C,24,1997-08-23,-,-,-,-,75,202,2015,DET,5,19,140
563,Jacob Larsson,ANA,D,25,1997-04-29,-,-,-,-,74,190,2015,ANA,1,27,27
564,Joel Eriksson Ek,MIN,C,25,1997-01-29,-,-,-,-,75,207,2015,MIN,1,20,20
565,Denis Gurianov,DAL,R,24,1997-06-07,-,-,-,-,75,195,2015,DAL,1,12,12
566,Jake DeBrusk,BOS,L,25,1996-10-17,-,-,-,-,72,200,2015,BOS,1,14,14
567,Ivan Provorov,PHI,D,25,1997-01-13,-,-,-,-,73,201,2015,PHI,1,7,7
568,Gabriel Carlsson,CBJ,D,25,1997-01-02,-,-,-,-,77,195,2015,CBJ,1,29,29
569,John Marino,PIT,D,24,1997-05-21,-,-,-,-,73,181,2015,EDM,6,3,154
570,Yakov Trenin,NSH,C,25,1997-01-13,-,-,-,-,74,201,2015,NSH,2,25,55
571,Austin Czarnik,"NYI, SEA",C,29,1992-12-12,-,-,-,-,69,170,-,-,-,-,-
572,Anthony Cirelli,T.B,C,24,1997-07-15,-,-,-,-,72,191,2015,T.B,3,11,72
573,Tanner Kero,DAL,C,29,1992-07-24,-,-,-,-,72,185,-,-,-,-,-
574,Evan Rodrigues,PIT,C,28,1993-07-28,-,-,-,-,71,184,-,-,-,-,-
575,Artemi Panarin,NYR,L,30,1991-10-30,-,-,-,-,72,175,-,-,-,-,-
576,Dean Kukan,CBJ,D,28,1993-07-08,-,-,-,-,74,190,-,-,-,-,-
577,Noel Acciari,FLA,C,30,1991-12-01,-,-,-,-,70,209,-,-,-,-,-
578,Derek Ryan,EDM,C,35,1986-12-29,-,-,-,-,70,185,-,-,-,-,-
579,Kevin Stenlund,CBJ,C,25,1996-09-20,-,-,-,-,76,211,2015,CBJ,2,28,58
580,Lukas Vejdemo,MTL,C,26,1996-01-25,-,-,-,-,73,198,2015,MTL,3,26,87
581,Will Borgen,SEA,D,25,1996-12-19,-,-,-,-,75,205,2015,BUF,4,1,92
582,Colton White,N.J,D,25,1997-05-03,-,-,-,-,73,187,2015,N.J,4,6,97
583,Christian Wolanin,"BUF, L.A",D,27,1995-03-17,-,-,-,-,74,190,2015,OTT,4,16,107
584,Alexandre Carrier,NSH,D,25,1996-10-08,-,-,-,-,71,174,2015,NSH,4,24,115
585,Conor Garland,VAN,R,26,1996-03-11,-,-,-,-,70,165,2015,ARI,5,2,123
586,Niko Mikkola,STL,D,26,1996-04-27,-,-,-,-,76,209,2015,STL,5,6,127
587,Kirill Kaprizov,MIN,L,25,1997-04-26,-,-,-,-,70,202,2015,MIN,5,14,135
588,Dominik Simon,"ANA, PIT",C,27,1994-08-08,-,-,-,-,71,190,2015,PIT,5,16,137
589,Christian Jaros,N.J,D,26,1996-04-02,-,-,-,-,75,222,2015,OTT,5,18,139
590,Rudolfs Balcers,S.J,L,25,1997-04-08,-,-,-,-,71,182,2015,S.J,5,21,142
591,Troy Terry,ANA,R,24,1997-09-10,-,-,-,-,72,185,2015,ANA,5,27,148
592,Adam Gaudette,"CHI, OTT",C,25,1996-10-03,-,-,-,-,73,175,2015,VAN,5,28,149
593,Brett Seney,TOR,L,26,1996-02-28,-,-,-,-,69,156,2015,N.J,6,6,157
594,Vladislav Gavrikov,CBJ,D,26,1995-11-21,-,-,-,-,75,213,2015,CBJ,6,8,159
595,Mason Appleton,"SEA, WPG",C,26,1996-01-15,-,-,-,-,74,193,2015,WPG,6,17,168
596,Steven Lorentz,CAR,C,26,1996-04-13,-,-,-,-,76,206,2015,CAR,7,5,186
597,Markus Nutivaara,FLA,D,27,1994-06-06,-,-,-,-,73,187,2015,CBJ,7,8,189
598,Matt Roy,L.A,D,27,1995-03-01,-,-,-,-,73,205,2015,L.A,7,13,194
599,Sami Niku,MTL,D,25,1996-10-10,-,-,-,-,73,176,2015,WPG,7,17,198
600,Kole Sherwood,NSH,R,25,1997-01-22,-,-,-,-,73,212,-,-,-,-,-
601,Lane Pederson,S.J,C,24,1997-08-04,-,-,-,-,72,192,-,-,-,-,-
602,Jalen Chatfield,CAR,D,25,1996-05-15,-,-,-,-,73,188,-,-,-,-,-
603,Mason Marchment,FLA,L,26,1995-06-18,-,-,-,-,76,209,-,-,-,-,-
604,Adam Brooks,"MTL, VGK, WPG",C,26,1996-05-06,-,-,-,-,72,179,2016,TOR,4,1,92
605,Philippe Myers,NSH,D,25,1997-01-25,-,-,-,-,77,210,-,-,-,-,-
606,Ryan Lomberg,FLA,L,27,1994-09-12,-,-,-,-,69,187,-,-,-,-,-
607,Andrew Poturalski,CAR,C,28,1994-01-14,-,-,-,-,70,183,-,-,-,-,-
608,Dan Renouf,DET,D,27,1994-06-01,-,-,-,-,74,200,-,-,-,-,-
609,Ethan Prow,BUF,D,29,1992-11-17,-,-,-,-,71,182,-,-,-,-,-
610,Kevin Rooney,NYR,C,28,1993-05-21,-,-,-,-,74,201,-,-,-,-,-
611,Brandon Tanev,SEA,L,30,1991-12-31,-,-,-,-,72,180,-,-,-,-,-
612,Kyle Criscuolo,DET,C,30,1992-05-05,-,-,-,-,69,175,-,-,-,-,-
613,Matthew Tkachuk,CGY,L,24,1997-12-11,-,-,-,-,74,201,2016,CGY,1,6,6
614,Joey Anderson,TOR,R,23,1998-06-19,-,-,-,-,72,207,2016,N.J,3,12,73
615,Luke Kunin,NSH,C,24,1997-12-04,-,-,-,-,72,197,2016,MIN,1,15,15
616,Auston Matthews,TOR,C,24,1997-09-17,-,-,-,-,75,205,2016,TOR,1,1,1
617,Maxime Lajoie,CAR,D,24,1997-11-05,-,-,-,-,73,196,2016,OTT,5,12,133
618,Lucas Johansen,WSH,D,24,1997-11-16,-,-,-,-,74,182,2016,WSH,1,28,28
619,Wade Allison,PHI,R,24,1997-10-14,-,-,-,-,74,205,2016,PHI,2,22,52
620,Adam Fox,NYR,D,24,1998-02-17,-,-,-,-,71,183,2016,CGY,3,5,66
621,Ryan Lindgren,NYR,D,24,1998-02-11,-,-,-,-,73,191,2016,BOS,2,19,49
622,Charlie McAvoy,BOS,D,24,1997-12-21,-,-,-,-,73,211,2016,BOS,1,14,14
623,Julien Gauthier,NYR,R,24,1997-10-15,-,-,-,-,76,227,2016,CAR,1,21,21
624,Libor Hajek,NYR,D,24,1998-02-04,-,-,-,-,75,206,2016,T.B,2,7,37
625,Rasmus Asplund,BUF,C,24,1997-12-03,-,-,-,-,71,189,2016,BUF,2,3,33
626,Carl Grundstrom,L.A,R,24,1997-12-01,-,-,-,-,72,195,2016,TOR,2,27,57
627,Alex DeBrincat,CHI,L,24,1997-12-18,-,-,-,-,67,165,2016,CHI,2,9,39
628,Markus Niemelainen,EDM,D,23,1998-06-08,-,-,-,-,78,190,2016,EDM,3,2,63
629,Patrik Laine,CBJ,L,24,1998-04-19,-,-,-,-,77,216,2016,WPG,1,2,2
630,Cam Dineen,ARI,D,23,1998-06-19,-,-,-,-,71,188,2016,ARI,3,7,68
631,Clayton Keller,ARI,R,23,1998-07-29,-,-,-,-,70,178,2016,ARI,1,7,7
632,Jesse Puljujarvi,EDM,R,24,1998-05-07,-,-,-,-,76,201,2016,EDM,1,4,4
633,Jakob Chychrun,ARI,D,24,1998-03-31,-,-,-,-,74,220,2016,ARI,1,16,16
634,Dillon Dube,CGY,C,23,1998-07-20,-,-,-,-,71,187,2016,CGY,2,26,56
635,Tyler Benson,EDM,L,24,1998-03-15,-,-,-,-,72,190,2016,EDM,2,2,32
636,Kale Clague,"L.A, MTL",D,23,1998-06-05,-,-,-,-,72,190,2016,L.A,2,21,51
637,Sam Steel,ANA,C,24,1998-02-03,-,-,-,-,71,184,2016,ANA,1,30,30
638,Brett Howden,VGK,C,24,1998-03-29,-,-,-,-,74,197,2016,T.B,1,27,27
639,Olli Juolevi,"DET, FLA",D,24,1998-05-05,-,-,-,-,74,182,2016,VAN,1,5,5
640,Kieffer Bellows,NYI,L,23,1998-06-10,-,-,-,-,73,195,2016,NYI,1,19,19
641,Beck Malenstyn,WSH,L,24,1998-02-04,-,-,-,-,74,200,2016,WSH,5,24,145
642,Riley Tufte,DAL,L,24,1998-04-10,-,-,-,-,78,220,2016,DAL,1,25,25
643,Tim Gettinger,NYR,L,24,1998-04-14,-,-,-,-,78,220,2016,NYR,5,20,141
644,Trent Frederic,BOS,C,24,1998-02-11,-,-,-,-,75,216,2016,BOS,1,29,29
645,Logan Brown,STL,C,24,1998-03-05,-,-,-,-,78,218,2016,OTT,1,11,11
646,William Lockwood,VAN,R,23,1998-06-20,-,-,-,-,71,172,2016,VAN,3,3,64
647,Max Jones,ANA,L,24,1998-02-17,-,-,-,-,75,216,2016,ANA,1,24,24
648,Andrew Peeke,CBJ,D,24,1998-03-17,-,-,-,-,75,196,2016,CBJ,2,4,34
649,Tyson Jost,"COL, MIN",C,24,1998-03-14,-,-,-,-,71,187,2016,COL,1,10,10
650,Dante Fabbro,NSH,D,23,1998-06-20,-,-,-,-,72,189,2016,NSH,1,17,17
651,Josh Mahura,ANA,D,24,1998-05-05,-,-,-,-,72,185,2016,ANA,3,24,85
652,Jonathan Dahlen,S.J,C,24,1997-12-20,-,-,-,-,71,180,2016,OTT,2,12,42
653,Victor Mete,OTT,D,23,1998-06-07,-,-,-,-,69,185,2016,MTL,4,9,100
654,Logan Stanley,WPG,D,23,1998-05-26,-,-,-,-,79,228,2016,WPG,1,18,18
655,Givani Smith,DET,R,24,1998-02-28,-,-,-,-,74,215,2016,DET,2,16,46
656,Connor Bunnaman,PHI,C,24,1998-04-16,-,-,-,-,73,207,2016,PHI,4,18,109
657,Boris Katchouk,"CHI, T.B",L,23,1998-06-18,-,-,-,-,74,206,2016,T.B,2,14,44
658,Jordan Kyrou,STL,C,24,1998-05-05,-,-,-,-,73,196,2016,STL,2,5,35
659,Riley Stillman,CHI,D,24,1998-03-09,-,-,-,-,73,196,2016,FLA,4,23,114
660,Taylor Raddysh,"CHI, T.B",R,24,1998-02-18,-,-,-,-,75,198,2016,T.B,2,28,58
661,Noah Gregor,S.J,C,23,1998-07-28,-,-,-,-,72,190,2016,S.J,4,20,111
662,Dennis Cholowski,"SEA, WSH",D,24,1998-02-15,-,-,-,-,74,197,2016,DET,1,20,20
663,Samuel Girard,COL,D,23,1998-05-12,-,-,-,-,70,170,2016,NSH,2,17,47
664,Pierre-Luc Dubois,WPG,L,23,1998-06-24,-,-,-,-,74,205,2016,CBJ,1,3,3
665,Jake Bean,CBJ,D,23,1998-06-09,-,-,-,-,73,176,2016,CAR,1,13,13
666,Henrik Borgstrom,CHI,C,24,1997-08-06,-,-,-,-,75,199,2016,FLA,1,23,23
667,Jesper Bratt,N.J,L,23,1998-07-30,-,-,-,-,70,175,2016,N.J,6,11,162
668,Mikhail Sergachev,T.B,D,23,1998-06-25,-,-,-,-,75,216,2016,MTL,1,9,9
669,Sean Day,T.B,D,24,1998-01-09,-,-,-,-,75,218,2016,NYR,3,20,81
670,Nathan Bastian,"N.J, SEA",R,24,1997-12-06,-,-,-,-,76,205,2016,N.J,2,11,41
671,Michael McLeod,N.J,C,24,1998-02-03,-,-,-,-,74,190,2016,N.J,1,12,12
672,Brett Murray,BUF,L,23,1998-07-20,-,-,-,-,76,228,2016,BUF,4,8,99
673,Tage Thompson,BUF,R,24,1997-10-30,-,-,-,-,79,218,2016,STL,1,26,26
674,Jacob Moverare,L.A,D,23,1998-08-31,-,-,-,-,75,210,2016,L.A,4,21,112
675,Filip Hronek,DET,D,24,1997-11-02,-,-,-,-,72,188,2016,DET,2,23,53
676,Jacob MacDonald,COL,D,29,1993-02-26,-,-,-,-,72,204,-,-,-,-,-
677,Troy Stecher,"DET, L.A",D,28,1994-04-07,-,-,-,-,70,184,-,-,-,-,-
678,Anthony Greco,NYR,R,28,1993-09-30,-,-,-,-,70,179,-,-,-,-,-
679,Nikita Zaitsev,OTT,D,30,1991-10-29,-,-,-,-,74,195,-,-,-,-,-
680,Drake Caggiula,BUF,C,27,1994-06-20,-,-,-,-,70,176,-,-,-,-,-
681,Michal Kempny,WSH,D,31,1990-09-08,-,-,-,-,73,192,-,-,-,-,-
682,Janne Kuokkanen,N.J,"C, L",23,1998-05-25,-,-,-,-,73,193,2016,CAR,2,13,43
683,Kasper Bjorkqvist,PIT,R,24,1997-07-10,-,-,-,-,73,198,2016,PIT,2,31,61
684,Rem Pitlick,"MIN, MTL",C,25,1997-04-02,-,-,-,-,71,196,2016,NSH,3,15,76
685,Garrett Pilon,WSH,C,24,1998-04-13,-,-,-,-,72,192,2016,WSH,3,26,87
686,Fredrik Karlstrom,DAL,C,24,1998-01-12,-,-,-,-,75,195,2016,DAL,3,29,90
687,Brandon Duhaime,MIN,R,24,1997-05-22,-,-,-,-,74,200,2016,MIN,4,15,106
688,Lucas Carlsson,FLA,D,24,1997-07-05,-,-,-,-,72,189,2016,CHI,4,19,110
689,Ross Colton,T.B,C,25,1996-09-11,-,-,-,-,72,191,2016,T.B,4,27,118
690,Otto Koivula,NYI,L,23,1998-09-01,-,-,-,-,77,225,2016,NYI,4,29,120
691,Linus Hogberg,PHI,D,23,1998-09-04,-,-,-,-,73,176,2016,PHI,5,18,139
692,Axel Jonsson-Fjallby,WSH,L,24,1998-02-10,-,-,-,-,73,189,2016,WSH,5,26,147
693,Brandon Hagel,"CHI, T.B",L,23,1998-08-27,-,-,-,-,71,174,2016,BUF,6,8,159
694,Michael Pezzetta,MTL,L,24,1998-03-13,-,-,-,-,73,216,2016,MTL,6,9,160
695,Oskar Steen,BOS,C,24,1998-03-09,-,-,-,-,69,199,2016,BOS,6,14,165
696,Tanner Laczynski,PHI,C,24,1997-06-01,-,-,-,-,73,190,2016,PHI,6,18,169
697,Maxim Mamin,FLA,C,27,1995-01-13,-,-,-,-,74,206,2016,FLA,6,24,175
698,Mikhail Maltsev,COL,L,24,1998-03-12,-,-,-,-,75,198,2016,N.J,4,11,102
699,Casey Fitzgerald,BUF,D,25,1997-02-25,-,-,-,-,71,188,2016,BUF,3,25,86
700,Dylan Gambrell,OTT,C,25,1996-08-26,-,-,-,-,72,185,2016,S.J,2,30,60
701,Rhett Gardner,DAL,C,26,1996-02-28,-,-,-,-,75,210,2016,DAL,4,25,116
702,Michael Eyssimont,WPG,C,25,1996-09-09,-,-,-,-,72,180,2016,L.A,5,21,142
703,Chase Priskie,FLA,D,26,1996-03-19,-,-,-,-,72,185,2016,WSH,6,26,177
704,Jeremy Davies,NSH,D,25,1996-12-04,-,-,-,-,71,180,2016,N.J,7,11,192
705,Michael Carcone,ARI,L,25,1996-05-19,-,-,-,-,69,170,-,-,-,-,-
706,Dylan Coghlan,VGK,D,24,1998-02-19,-,-,-,-,74,208,-,-,-,-,-
707,Matt Luff,NSH,R,25,1997-05-05,-,-,-,-,74,196,-,-,-,-,-
708,Tanner Jeannot,NSH,L,24,1997-05-29,-,-,-,-,74,208,-,-,-,-,-
709,Mathieu Olivier,NSH,R,25,1997-02-11,-,-,-,-,74,210,-,-,-,-,-
710,Trevor Moore,L.A,C,27,1995-03-31,-,-,-,-,70,195,-,-,-,-,-
711,Jeffrey Viel,S.J,L,25,1997-01-28,-,-,-,-,74,205,-,-,-,-,-
712,Alex Barr-Boulet,"SEA, T.B",C,24,1997-05-21,-,-,-,-,70,180,-,-,-,-,-
713,Kristians Rubins,TOR,D,24,1997-12-11,-,-,-,-,77,227,-,-,-,-,-
714,Zack MacEwen,PHI,C,25,1996-07-08,-,-,-,-,75,205,-,-,-,-,-
715,Gerry Mayhew,"ANA, PHI",C,29,1992-12-31,-,-,-,-,69,161,-,-,-,-,-
716,Justin Danforth,CBJ,R,29,1993-03-15,-,-,-,-,69,180,-,-,-,-,-
717,Zach Aston-Reese,"ANA, PIT","C, L",27,1994-08-10,-,-,-,-,72,204,-,-,-,-,-
718,Gavin Bayreuther,CBJ,D,27,1994-05-12,-,-,-,-,73,196,-,-,-,-,-
719,Vinni Lettieri,ANA,C,27,1995-02-06,-,-,-,-,71,185,-,-,-,-,-
720,Mason Shaw,MIN,C,23,1998-11-03,-,-,-,-,70,184,2017,MIN,4,4,97
721,Nolan Patrick,VGK,C,23,1998-09-19,-,-,-,-,74,201,2017,PHI,1,2,2
722,Juuso Valimaki,CGY,D,23,1998-10-06,-,-,-,-,74,212,2017,CGY,1,16,16
723,Kailer Yamamoto,EDM,R,23,1998-09-29,-,-,-,-,68,153,2017,EDM,1,22,22
724,Nicolas Hague,VGK,D,23,1998-12-05,-,-,-,-,78,230,2017,VGK,2,3,34
725,Jonah Gadjovich,S.J,L,23,1998-10-12,-,-,-,-,74,209,2017,VAN,2,24,55
726,Conor Timmins,ARI,D,23,1998-09-18,-,-,-,-,74,202,2017,COL,2,1,32
727,Mario Ferraro,S.J,D,23,1998-09-17,-,-,-,-,72,209,2017,S.J,2,18,49
728,Cal Foote,T.B,D,23,1998-12-13,-,-,-,-,76,227,2017,T.B,1,14,14
729,Cale Fleury,SEA,D,23,1998-11-19,-,-,-,-,73,213,2017,MTL,3,25,87
730,Kole Lind,SEA,R,23,1998-10-16,-,-,-,-,73,178,2017,VAN,2,2,33
731,Morgan Geekie,SEA,C,23,1998-07-20,-,-,-,-,75,192,2017,CAR,3,5,67
732,Jake Leschyshyn,VGK,C,23,1999-03-10,-,-,-,-,71,192,2017,VGK,2,31,62
733,Michael Rasmussen,DET,C,23,1999-04-17,-,-,-,-,78,210,2017,DET,1,9,9
734,Jaret Anderson-Dolan,L.A,C,22,1999-09-12,-,-,-,-,71,200,2017,L.A,2,10,41
735,Cody Glass,NSH,C,23,1999-04-01,-,-,-,-,75,206,2017,VGK,1,6,6
736,Mikey Anderson,L.A,D,22,1999-05-25,-,-,-,-,72,195,2017,L.A,4,10,103
737,Casey Mittelstadt,BUF,C,23,1998-11-22,-,-,-,-,73,195,2017,BUF,1,8,8
738,Urho Vaakanainen,"ANA, BOS",D,23,1999-01-01,-,-,-,-,74,200,2017,BOS,1,18,18
739,Nico Hischier,N.J,C,23,1999-01-04,-,-,-,-,73,175,2017,N.J,1,1,1
740,Jesper Boqvist,N.J,C,23,1998-10-30,-,-,-,-,72,180,2017,N.J,2,5,36
741,Kristian Vesalainen,WPG,L,22,1999-06-01,-,-,-,-,75,207,2017,WPG,1,24,24
742,Jonas Rondbjerg,VGK,R,23,1999-03-31,-,-,-,-,74,197,2017,VGK,3,3,65
743,Adam Ruzicka,CGY,C,22,1999-05-11,-,-,-,-,76,220,2017,CGY,4,16,109
744,Eeli Tolvanen,NSH,R,23,1999-04-22,-,-,-,-,70,191,2017,NSH,1,30,30
745,Klim Kostin,STL,C,23,1999-05-05,-,-,-,-,75,215,2017,STL,1,31,31
746,Elias Pettersson,VAN,C,23,1998-11-12,-,-,-,-,74,176,2017,VAN,1,5,5
747,Gabriel Vilardi,L.A,C,22,1999-08-16,-,-,-,-,75,215,2017,L.A,1,11,11
748,Owen Tippett,"FLA, PHI",R,23,1999-02-16,-,-,-,-,73,207,2017,FLA,1,10,10
749,Nick Suzuki,MTL,C,22,1999-08-10,-,-,-,-,71,205,2017,VGK,1,13,13
750,Isaac Ratcliffe,PHI,L,23,1999-02-15,-,-,-,-,78,200,2017,PHI,2,4,35
751,Jack Studnicka,BOS,C,23,1999-02-18,-,-,-,-,74,186,2017,BOS,2,22,53
752,Robert Thomas,STL,C,22,1999-07-02,-,-,-,-,72,218,2017,STL,1,20,20
753,MacKenzie Entwistle,CHI,R,22,1999-07-14,-,-,-,-,75,184,2017,ARI,3,7,69
754,Jason Robertson,DAL,L,22,1999-07-22,-,-,-,-,75,200,2017,DAL,2,8,39
755,Morgan Frost,PHI,C,22,1999-05-14,-,-,-,-,71,170,2017,PHI,1,27,27
756,Alex Formenton,OTT,L,22,1999-09-13,-,-,-,-,75,195,2017,OTT,2,16,47
757,Max Comtois,ANA,L,23,1999-01-08,-,-,-,-,74,210,2017,ANA,2,19,50
758,Henri Jokiharju,BUF,D,22,1999-06-17,-,-,-,-,72,200,2017,CHI,1,29,29
759,Miro Heiskanen,DAL,D,22,1999-07-18,-,-,-,-,73,190,2017,DAL,1,3,3
760,Aleksi Heponiemi,FLA,C,23,1999-01-09,-,-,-,-,70,155,2017,FLA,2,9,40
761,Martin Necas,CAR,C,23,1999-01-15,-,-,-,-,74,189,2017,CAR,1,12,12
762,Dmitri Samorukov,EDM,D,22,1999-06-16,-,-,-,-,75,188,2017,EDM,3,22,84
763,Timothy Liljegren,TOR,D,23,1999-04-30,-,-,-,-,73,192,2017,TOR,1,17,17
764,Dylan Samberg,WPG,D,23,1999-01-24,-,-,-,-,75,190,2017,WPG,2,12,43
765,Sasha Chmelevski,S.J,C,22,1999-06-09,-,-,-,-,72,188,2017,S.J,6,30,185
766,Reilly Walsh,N.J,D,23,1999-04-21,-,-,-,-,72,185,2017,N.J,3,19,81
767,Jack Rathbone,VAN,D,22,1999-05-20,-,-,-,-,70,177,2017,VAN,4,2,95
768,Pierre-Olivier Joseph,PIT,D,22,1999-07-01,-,-,-,-,74,185,2017,ARI,1,23,23
769,Scott Reedy,S.J,C,23,1999-04-04,-,-,-,-,74,205,2017,S.J,4,9,102
770,Josh Norris,OTT,C,23,1999-05-05,-,-,-,-,73,199,2017,S.J,1,19,19
771,Ryan Poehling,MTL,C,23,1999-01-03,-,-,-,-,74,196,2017,MTL,1,25,25
772,Cale Makar,COL,D,23,1998-10-30,-,-,-,-,71,187,2017,COL,1,4,4
773,Ian Mitchell,CHI,D,23,1999-01-18,-,-,-,-,71,173,2017,CHI,2,26,57
774,Robin Salo,NYI,D,23,1998-10-13,-,-,-,-,74,192,2017,NYI,2,15,46
775,Lias Andersson,L.A,C,23,1998-10-13,-,-,-,-,73,185,2017,NYR,1,7,7
776,Erik Brannstrom,OTT,D,22,1999-09-02,-,-,-,-,70,185,2017,VGK,1,15,15
777,Alexandre Texier,CBJ,C,22,1999-09-13,-,-,-,-,73,186,2017,CBJ,2,14,45
778,Filip Chytil,NYR,C,22,1999-09-05,-,-,-,-,75,210,2017,NYR,1,21,21
779,C.J. Smith,CAR,L,27,1994-12-01,-,-,-,-,71,184,-,-,-,-,-
780,Mike Vecchione,WSH,R,29,1993-02-25,-,-,-,-,70,193,-,-,-,-,-
781,Alex Iafallo,L.A,L,28,1993-12-21,-,-,-,-,72,200,-,-,-,-,-
782,David Kampf,TOR,C,27,1995-01-12,-,-,-,-,73,193,-,-,-,-,-
783,Neal Pionk,WPG,D,26,1995-07-29,-,-,-,-,72,186,-,-,-,-,-
784,Calle Rosen,STL,D,28,1994-02-02,-,-,-,-,73,188,-,-,-,-,-
785,Radim Simek,S.J,D,29,1992-09-20,-,-,-,-,72,204,-,-,-,-,-
786,Jan Rutta,T.B,D,31,1990-07-29,-,-,-,-,75,204,-,-,-,-,-
787,Gustav Lindstrom,DET,D,23,1998-10-20,-,-,-,-,74,183,2017,DET,2,7,38
788,Eetu Luostarinen,FLA,C,23,1998-09-02,-,-,-,-,75,190,2017,CAR,2,11,42
789,Fabian Zetterlund,N.J,L,22,1999-08-25,-,-,-,-,71,220,2017,N.J,3,1,63
790,Johnathan Kovacevic,WPG,D,24,1997-07-12,-,-,-,-,76,188,2017,WPG,3,12,74
791,Jacob Bryson,BUF,D,24,1997-11-18,-,-,-,-,69,175,2017,BUF,4,6,99
792,Emil Bemstrom,CBJ,C,22,1999-06-01,-,-,-,-,72,193,2017,CBJ,4,24,117
793,Drake Batherson,OTT,R,24,1998-04-27,-,-,-,-,75,204,2017,OTT,4,28,121
794,Jacob Peterson,DAL,C,22,1999-07-19,-,-,-,-,73,180,2017,DAL,5,8,132
795,Noah Cates,PHI,L,23,1999-02-05,-,-,-,-,73,165,2017,PHI,5,13,137
796,Sebastian Aho,NYI,D,26,1996-02-17,-,-,-,-,71,184,2017,NYI,5,15,139
797,Marian Studenic,"DAL, N.J","L, R",23,1998-10-28,-,-,-,-,73,181,2017,N.J,5,19,143
798,Jakub Galvas,CHI,D,22,1999-06-15,-,-,-,-,71,161,2017,CHI,5,26,150
799,Ben Jones,VGK,C,23,1999-02-26,-,-,-,-,72,187,2017,VGK,7,3,189
800,Alexei Toropchenko,STL,R,22,1999-06-25,-,-,-,-,78,222,2017,STL,4,20,113
801,Morgan Barron,"NYR, WPG",C,23,1998-12-02,-,-,-,-,76,220,2017,NYR,6,19,174
802,Carson Meyer,CBJ,R,24,1997-08-18,-,-,-,-,71,184,-,-,-,-,-
803,Wyatt Kalynuk,CHI,D,25,1997-04-14,-,-,-,-,73,180,2017,PHI,7,10,196
804,Jayden Halbgewachs,S.J,L,25,1997-03-22,-,-,-,-,68,160,-,-,-,-,-
805,Grant Hutton,NYI,D,26,1995-07-25,-,-,-,-,76,207,-,-,-,-,-
806,Sheldon Dries,VAN,C,28,1994-04-23,-,-,-,-,69,180,-,-,-,-,-
807,Sean Walker,L.A,D,27,1994-11-13,-,-,-,-,71,195,-,-,-,-,-
808,Mark Kastelic,OTT,C,23,1999-03-11,-,-,-,-,75,210,2019,OTT,5,1,125
809,Alexander True,SEA,C,24,1997-07-17,-,-,-,-,77,200,-,-,-,-,-
810,Sean Durzi,L.A,D,23,1998-10-21,-,-,-,-,72,195,2018,TOR,2,21,52
811,Trey Fix-Wolansky,CBJ,R,22,1999-05-26,-,-,-,-,67,186,2018,CBJ,7,18,204
812,Kristian Reichel,WPG,C,23,1998-06-11,-,-,-,-,72,168,-,-,-,-,-
813,Parker Kelly,OTT,L,22,1999-05-14,-,-,-,-,72,188,-,-,-,-,-
814,Pius Suter,DET,C,25,1996-05-24,-,-,-,-,71,174,-,-,-,-,-
815,Joey Keane,CAR,D,22,1999-07-02,-,-,-,-,72,187,2018,NYR,3,26,88
816,Austin Strand,L.A,D,25,1997-02-17,-,-,-,-,75,215,-,-,-,-,-
817,Zach Whitecloud,VGK,D,25,1996-11-28,-,-,-,-,74,208,-,-,-,-,-
818,Kiefer Sherwood,COL,L,27,1995-03-31,-,-,-,-,72,194,-,-,-,-,-
819,Eric Robinson,CBJ,L,26,1995-06-14,-,-,-,-,74,201,-,-,-,-,-
820,Sheldon Rempal,VAN,R,26,1995-08-07,-,-,-,-,70,165,-,-,-,-,-
821,Oliver Wahlstrom,NYI,R,21,2000-06-13,-,-,-,-,74,205,2018,NYI,1,11,11
822,Martin Fehervary,WSH,D,22,1999-10-06,-,-,-,-,74,199,2018,WSH,2,15,46
823,Joel Farabee,PHI,L,22,2000-02-25,-,-,-,-,72,183,2018,PHI,1,14,14
824,Philipp Kurashev,CHI,C,22,1999-10-12,-,-,-,-,72,190,2018,CHI,4,27,120
825,Quinn Hughes,VAN,D,22,1999-10-14,-,-,-,-,70,180,2018,VAN,1,7,7
826,Brady Tkachuk,OTT,L,22,1999-09-16,-,-,-,-,76,211,2018,OTT,1,4,4
827,Ryan McLeod,EDM,C,22,1999-09-21,-,-,-,-,74,207,2018,EDM,2,9,40
828,Evan Bouchard,EDM,D,22,1999-10-20,-,-,-,-,75,194,2018,EDM,1,10,10
829,Isac Lundestrom,ANA,C,22,1999-11-06,-,-,-,-,72,193,2018,ANA,1,23,23
830,Mattias Samuelsson,BUF,D,22,2000-03-14,-,-,-,-,76,227,2018,BUF,2,1,32
831,Joe Veleno,DET,C,22,2000-01-13,-,-,-,-,73,206,2018,DET,1,30,30
832,Nicolas Beaudin,CHI,D,22,1999-10-09,-,-,-,-,71,168,2018,CHI,1,27,27
833,K'Andre Miller,NYR,D,22,2000-01-21,-,-,-,-,76,216,2018,NYR,1,22,22
834,Filip Zadina,DET,R,22,1999-11-27,-,-,-,-,72,197,2018,DET,1,6,6
835,Martin Kaut,COL,R,22,1999-10-02,-,-,-,-,74,190,2018,COL,1,16,16
836,Alexander Alexeyev,WSH,D,22,1999-11-15,-,-,-,-,76,210,2018,WSH,1,31,31
837,Jesperi Kotkaniemi,CAR,C,21,2000-07-06,-,-,-,-,74,201,2018,MTL,1,3,3
838,Andrei Svechnikov,CAR,R,22,2000-03-26,-,-,-,-,74,195,2018,CAR,1,2,2
839,Alec Regula,CHI,D,21,2000-08-06,-,-,-,-,76,208,2018,DET,3,5,67
840,Jack Drury,CAR,C,22,2000-02-03,-,-,-,-,71,174,2018,CAR,2,11,42
841,Rasmus Dahlin,BUF,D,22,2000-04-13,-,-,-,-,75,207,2018,BUF,1,1,1
842,Filip Hallander,PIT,C,21,2000-06-29,-,-,-,-,73,190,2018,PIT,2,27,58
843,Grigori Denisenko,FLA,L,21,2000-06-24,-,-,-,-,71,186,2018,FLA,1,15,15
844,Rasmus Kupari,L.A,C,22,2000-03-15,-,-,-,-,74,200,2018,L.A,1,20,20
845,Sampo Ranta,COL,L,21,2000-05-31,-,-,-,-,74,195,2018,COL,3,16,78
846,Ryan Merkley,S.J,D,21,2000-08-14,-,-,-,-,72,186,2018,S.J,1,21,21
847,Ty Dellandrea,DAL,C,21,2000-07-21,-,-,-,-,72,195,2018,DAL,1,13,13
848,Barrett Hayton,ARI,C,21,2000-06-09,-,-,-,-,73,207,2018,ARI,1,5,5
849,Liam Foudy,CBJ,C,22,2000-02-04,-,-,-,-,74,187,2018,CBJ,1,18,18
850,Jack McBain,ARI,C,22,2000-01-06,-,-,-,-,75,201,2018,MIN,3,1,63
851,Cameron Hillis,MTL,C,21,2000-06-24,-,-,-,-,69,175,2018,MTL,3,4,66
852,Kevin Bahl,N.J,D,21,2000-06-27,-,-,-,-,78,230,-,-,-,-,-
853,Gabriel Fortier,T.B,L,22,2000-02-06,-,-,-,-,70,173,2018,T.B,2,28,59
854,Noah Dobson,NYI,D,22,2000-01-07,-,-,-,-,76,195,2018,NYI,1,12,12
855,Benoit-Olivier Groulx,ANA,C,22,2000-02-06,-,-,-,-,74,200,2018,ANA,2,23,54
856,Adam Boqvist,CBJ,D,21,2000-08-15,-,-,-,-,72,189,2018,CHI,1,8,8
857,Rasmus Sandin,TOR,D,22,2000-03-07,-,-,-,-,71,178,2018,TOR,1,29,29
858,Nils Lundkvist,NYR,D,21,2000-07-27,-,-,-,-,71,187,2018,NYR,1,28,28
859,Jacob Bernard-Docker,OTT,D,21,2000-06-30,-,-,-,-,72,190,2018,OTT,1,26,26
860,Ty Smith,N.J,D,22,2000-03-24,-,-,-,-,71,180,2018,N.J,1,17,17
861,Calen Addison,MIN,D,22,2000-04-11,-,-,-,-,71,173,2018,PIT,2,22,53
862,Jordan Harris,MTL,D,21,2000-07-07,-,-,-,-,71,179,2018,MTL,3,9,71
863,Jan Jenik,ARI,R,21,2000-09-15,-,-,-,-,73,185,2018,ARI,3,3,65
864,Karson Kuhlman,"BOS, SEA",C,26,1995-09-26,-,-,-,-,70,190,-,-,-,-,-
865,Jordan Gross,COL,D,27,1995-05-09,-,-,-,-,70,190,-,-,-,-,-
866,Juuso Riikola,PIT,D,28,1993-11-09,-,-,-,-,72,189,-,-,-,-,-
867,Ilya Lyubushkin,"ARI, TOR",D,28,1994-04-06,-,-,-,-,74,208,-,-,-,-,-
868,Nathan Smith,ARI,C,23,1998-10-19,-,-,-,-,72,177,2018,WPG,3,29,91
869,Connor Dewar,MIN,C,22,1999-06-26,-,-,-,-,70,183,2018,MIN,3,30,92
870,Riley Damiani,DAL,C,22,2000-03-20,-,-,-,-,70,170,2018,DAL,5,13,137
871,Declan Chisholm,WPG,D,22,2000-01-12,-,-,-,-,73,185,2018,WPG,5,26,150
872,Hunter Drew,ANA,D,23,1998-10-21,-,-,-,-,74,191,2018,ANA,6,23,178
873,Josiah Slavin,CHI,L,23,1998-12-31,-,-,-,-,75,189,2018,CHI,7,7,193
874,Alexander Romanov,MTL,D,22,2000-01-06,-,-,-,-,73,209,2018,MTL,2,7,38
875,David Gustafsson,WPG,C,22,2000-04-11,-,-,-,-,74,196,2018,WPG,2,29,60
876,Paul Cotter,VGK,C,22,1999-11-16,-,-,-,-,73,206,2018,VGK,4,22,115
877,Jesse Ylonen,MTL,R,22,1999-10-03,-,-,-,-,72,167,2018,MTL,2,4,35
878,Scott Perunovich,STL,D,23,1998-08-18,-,-,-,-,70,175,2018,STL,2,14,45
879,Jasper Weatherby,S.J,C,24,1998-01-22,-,-,-,-,76,222,2018,S.J,4,9,102
880,Yegor Sharangovich,N.J,C,23,1998-06-06,-,-,-,-,74,196,2018,N.J,5,17,141
881,John Leonard,S.J,L,23,1998-08-07,-,-,-,-,71,196,2018,S.J,6,27,182
882,Rafael Harvey-Pinard,MTL,L,23,1999-01-06,-,-,-,-,69,182,2019,MTL,7,15,201
883,Egor Sokolov,OTT,L,21,2000-06-07,-,-,-,-,75,222,-,-,-,-,-
884,Simon Benoit,ANA,D,23,1998-09-19,-,-,-,-,75,203,-,-,-,-,-
885,Cole Reinhardt,OTT,L,22,2000-02-01,-,-,-,-,72,200,2020,OTT,6,26,181
886,Reese Johnson,CHI,C,23,1998-07-10,-,-,-,-,73,193,-,-,-,-,-
887,Jake Christiansen,CBJ,D,22,1999-09-12,-,-,-,-,72,186,-,-,-,-,-
888,Brayden Pachal,VGK,D,22,1999-08-23,-,-,-,-,73,204,-,-,-,-,-
889,Egor Zamula,PHI,D,22,2000-03-30,-,-,-,-,75,177,-,-,-,-,-
890,Logan O'Connor,COL,R,25,1996-08-14,-,-,-,-,72,175,-,-,-,-,-
891,Samuel Fagemo,L.A,L,22,2000-03-14,-,-,-,-,71,190,2019,L.A,2,19,50
892,Taro Hirose,DET,L,25,1996-06-30,-,-,-,-,70,162,-,-,-,-,-
893,Joe Snively,WSH,C,26,1996-01-01,-,-,-,-,69,176,-,-,-,-,-
894,Corey Schueneman,MTL,D,26,1995-09-02,-,-,-,-,72,196,-,-,-,-,-
895,Nico Sturm,"COL, MIN",C,27,1995-05-03,-,-,-,-,75,209,-,-,-,-,-
896,Blake Lizotte,L.A,C,24,1997-12-13,-,-,-,-,69,170,-,-,-,-,-
897,Jon Lizotte,MIN,D,27,1994-11-10,-,-,-,-,73,212,-,-,-,-,-
898,Brett Leason,WSH,R,23,1999-04-30,-,-,-,-,77,218,2019,WSH,2,25,56
899,Nolan Foote,N.J,L,21,2000-11-29,-,-,-,-,75,196,2019,T.B,1,27,27
900,Ronnie Attard,PHI,D,23,1999-03-20,-,-,-,-,75,208,2019,PHI,3,10,72
901,Peyton Krebs,"BUF, VGK",C,21,2001-01-26,-,-,-,-,72,185,2019,VGK,1,17,17
902,Kirby Dach,CHI,C,21,2001-01-21,-,-,-,-,76,197,2019,CHI,1,3,3
903,Bowen Byram,COL,D,20,2001-06-13,-,-,-,-,73,190,2019,COL,1,4,4
904,Kaedan Korczak,VGK,D,21,2001-01-29,-,-,-,-,75,202,2019,VGK,2,10,41
905,Dylan Cozens,BUF,C,21,2001-02-09,-,-,-,-,75,189,2019,BUF,1,7,7
906,Brayden Tracey,ANA,L,20,2001-05-28,-,-,-,-,72,177,2019,ANA,1,29,29
907,Alex Turcotte,L.A,C,21,2001-02-26,-,-,-,-,71,185,2019,L.A,1,5,5
908,Trevor Zegras,ANA,C,21,2001-03-20,-,-,-,-,72,185,2019,ANA,1,9,9
909,Nils Hoglander,VAN,L,21,2000-12-20,-,-,-,-,69,185,2019,VAN,2,9,40
910,Nikita Okhotiuk,N.J,D,21,2000-12-04,-,-,-,-,73,195,2019,N.J,2,30,61
911,Cole Caufield,MTL,R,21,2001-01-02,-,-,-,-,67,166,2019,MTL,1,15,15
912,Moritz Seider,DET,D,21,2001-04-06,-,-,-,-,76,197,2019,DET,1,6,6
913,Cam York,PHI,D,21,2001-01-05,-,-,-,-,71,175,2019,PHI,1,14,14
914,Adam Beckman,MIN,L,21,2001-05-10,-,-,-,-,73,182,2019,MIN,3,13,75
915,Artemi Kniazev,S.J,D,21,2001-01-04,-,-,-,-,71,178,2019,S.J,2,17,48
916,Bobby Brink,PHI,R,20,2001-07-08,-,-,-,-,68,166,2019,PHI,2,3,34
917,Kaapo Kakko,NYR,R,21,2001-02-13,-,-,-,-,75,205,2019,NYR,1,2,2
918,Mattias Norlinder,MTL,D,22,2000-04-12,-,-,-,-,72,185,2019,MTL,3,2,64
919,Matt Boldy,MIN,L,21,2001-04-05,-,-,-,-,74,201,2019,MIN,1,12,12
920,Jack Hughes,N.J,C,20,2001-05-14,-,-,-,-,71,175,2019,N.J,1,1,1
921,Arthur Kaliyev,L.A,R,20,2001-06-26,-,-,-,-,74,210,2019,L.A,2,2,33
922,Alex Vlasic,CHI,D,20,2001-06-05,-,-,-,-,78,199,2019,CHI,2,12,43
923,Ville Heinola,WPG,D,21,2001-02-03,-,-,-,-,71,178,2019,WPG,1,20,20
924,Lassi Thomson,OTT,D,21,2000-09-24,-,-,-,-,72,190,2019,OTT,1,19,19
925,Philip Tomasino,NSH,C,20,2001-07-28,-,-,-,-,72,179,2019,NSH,1,24,24
926,Connor McMichael,WSH,C,21,2001-01-15,-,-,-,-,72,180,2019,WSH,1,25,25
927,Thomas Harley,DAL,D,20,2001-08-19,-,-,-,-,75,205,2019,DAL,1,18,18
928,Nicholas Robertson,TOR,L,20,2001-09-11,-,-,-,-,70,177,2019,TOR,2,22,53
929,Shane Pinto,OTT,C,21,2000-11-12,-,-,-,-,74,192,2019,OTT,2,1,32
930,Philip Broberg,EDM,D,20,2001-06-25,-,-,-,-,75,199,2019,EDM,1,8,8
931,Victor Soderstrom,ARI,D,21,2001-02-26,-,-,-,-,71,184,2019,ARI,1,11,11
932,Tobias Bjornfot,L.A,D,21,2001-04-06,-,-,-,-,72,200,2019,L.A,1,22,22
933,Pavel Dorofeyev,VGK,L,21,2000-10-26,-,-,-,-,73,167,2019,VGK,3,17,79
934,Jordan Spence,L.A,D,21,2001-02-24,-,-,-,-,70,180,2019,L.A,4,2,95
935,Vladislav Kolyachonok,ARI,D,20,2001-05-26,-,-,-,-,73,193,2019,FLA,2,21,52
936,Vasily Podkolzin,VAN,R,20,2001-06-24,-,-,-,-,73,190,2019,VAN,1,10,10
937,Alex Newhook,COL,C,21,2001-01-28,-,-,-,-,70,190,2019,COL,1,16,16
938,Ilya Mikheyev,TOR,R,27,1994-10-10,-,-,-,-,74,192,-,-,-,-,-
939,Arttu Ruotsalainen,BUF,C,24,1997-10-29,-,-,-,-,68,187,-,-,-,-,-
940,Joel Kiviranta,DAL,L,26,1996-03-23,-,-,-,-,71,180,-,-,-,-,-
941,Cole Schwindt,FLA,C,21,2001-04-25,-,-,-,-,74,182,2019,FLA,3,19,81
942,Aliaksei Protas,WSH,C,21,2001-01-06,-,-,-,-,78,225,2019,WSH,3,29,91
943,Viktor Lodin,OTT,C,22,1999-06-02,-,-,-,-,74,185,2019,OTT,4,1,94
944,Santeri Hatakka,S.J,D,21,2001-01-15,-,-,-,-,73,191,2019,S.J,6,29,184
945,Valtteri Puustinen,PIT,R,22,1999-06-04,-,-,-,-,69,183,2019,PIT,7,17,203
946,Zac Jones,NYR,D,21,2000-10-18,-,-,-,-,70,175,2019,NYR,3,6,68
947,Matias Maccelli,ARI,L,21,2000-10-14,-,-,-,-,71,176,2019,ARI,4,5,98
948,Nicholas Abruzzese,TOR,C,22,1999-06-04,-,-,-,-,70,174,2019,TOR,4,31,124
949,Tyce Thompson,N.J,R,22,1999-07-12,-,-,-,-,73,175,2019,N.J,4,3,96
950,Bryce Kindopp,ANA,R,22,1999-06-14,-,-,-,-,73,185,-,-,-,-,-
951,Ben McCartney,ARI,L,20,2001-07-13,-,-,-,-,72,182,2020,ARI,7,18,204
952,Zachary Hayes,VGK,D,23,1999-04-24,-,-,-,-,75,219,-,-,-,-,-
953,Drew O'Connor,PIT,L,23,1998-06-09,-,-,-,-,75,200,-,-,-,-,-
954,Brandon Biro,BUF,L,24,1998-03-11,-,-,-,-,71,170,-,-,-,-,-
955,Cole Smith,NSH,L,26,1995-10-28,-,-,-,-,75,195,-,-,-,-,-
956,Connor Mackey,CGY,D,25,1996-09-12,-,-,-,-,74,201,-,-,-,-,-
957,Mitchell Chaffee,MIN,R,24,1998-01-26,-,-,-,-,73,201,-,-,-,-,-
958,Jack Ahcan,BOS,D,24,1997-05-18,-,-,-,-,69,180,-,-,-,-,-
959,Braden Schneider,NYR,D,20,2001-09-20,-,-,-,-,74,202,2020,NYR,1,19,19
960,Lucas Raymond,DET,L,20,2002-03-28,-,-,-,-,71,182,2020,DET,1,4,4
961,Marco Rossi,MIN,C,20,2001-09-23,-,-,-,-,69,182,2020,MIN,1,9,9
962,Jake Neighbours,STL,L,20,2002-03-29,-,-,-,-,72,201,2020,STL,1,26,26
963,Seth Jarvis,CAR,C,20,2002-02-01,-,-,-,-,70,175,2020,CAR,1,13,13
964,Jack Quinn,BUF,R,20,2001-09-19,-,-,-,-,72,185,2020,BUF,1,8,8
965,Alexis Lafrenire,NYR,L,20,2001-10-11,-,-,-,-,74,196,2020,NYR,1,1,1
966,Dawson Mercer,N.J,C,20,2001-10-27,-,-,-,-,72,180,2020,N.J,1,18,18
967,Justin Barron,"COL, MTL",D,20,2001-11-15,-,-,-,-,74,195,2020,COL,1,25,25
968,Anton Lundell,FLA,C,20,2001-10-03,-,-,-,-,73,185,2020,FLA,1,12,12
969,Tim Sttzle,OTT,L,20,2002-01-15,-,-,-,-,72,190,2020,OTT,1,3,3
970,Lukas Reichel,CHI,L,19,2002-05-17,-,-,-,-,72,170,2020,CHI,1,17,17
971,Quinton Byfield,L.A,C,19,2002-08-19,-,-,-,-,77,220,2020,L.A,1,2,2
972,Alexander Holtz,N.J,R,20,2002-01-23,-,-,-,-,72,195,2020,N.J,1,7,7
973,Thomas Bordeleau,S.J,C,20,2002-01-03,-,-,-,-,70,175,2020,S.J,2,7,38
974,Jamie Drysdale,ANA,D,20,2002-04-08,-,-,-,-,71,183,2020,ANA,1,6,6
975,Hendrix Lapierre,WSH,C,20,2002-02-09,-,-,-,-,72,180,2020,WSH,1,22,22
976,Cole Perfetti,WPG,C,20,2002-01-01,-,-,-,-,71,177,2020,WPG,1,10,10
977,Jacob Perreault,ANA,R,20,2002-04-15,-,-,-,-,71,192,2020,ANA,1,27,27
978,JJ Peterka,BUF,R,20,2002-01-14,-,-,-,-,71,192,2020,BUF,2,3,34
979,Isaak Phillips,CHI,D,20,2001-09-28,-,-,-,-,75,193,2020,CHI,5,17,141
980,Adam Raska,S.J,R,20,2001-09-25,-,-,-,-,70,178,2020,S.J,7,15,201
981,Alexander Barabanov,S.J,L,27,1994-06-17,-,-,-,-,70,195,-,-,-,-,-
982,Radim Zohorna,PIT,L,26,1996-04-29,-,-,-,-,78,220,-,-,-,-,-
983,Linus Sandin,PHI,R,25,1996-05-19,-,-,-,-,73,209,-,-,-,-,-
984,Artem Zub,OTT,D,26,1995-10-03,-,-,-,-,74,202,-,-,-,-,-
985,Jeff Malott,WPG,L,-,-,-,-,-,-,-,-,-,-,-,-,-
986,Yegor Chinakhov,CBJ,R,21,2001-02-01,-,-,-,-,73,189,2020,CBJ,1,21,21
987,Daniil Miromanov,VGK,D,24,1997-07-11,-,-,-,-,76,202,-,-,-,-,-
988,Alex Steeves,TOR,C,22,1999-12-10,-,-,-,-,71,185,-,-,-,-,-
989,Mike Hardman,CHI,L,23,1999-02-05,-,-,-,-,74,205,-,-,-,-,-
990,Matt Kiersted,FLA,D,24,1998-04-14,-,-,-,-,72,181,-,-,-,-,-
991,Walker Duehr,CGY,R,24,1997-11-23,-,-,-,-,74,210,-,-,-,-,-
992,Jackson Cates,PHI,C,24,1997-09-28,-,-,-,-,72,190,-,-,-,-,-
993,Janis Moser,ARI,D,21,2000-06-06,-,-,-,-,73,173,2021,ARI,2,28,60
994,Kent Johnson,CBJ,C,19,2002-10-18,-,-,-,-,73,167,2021,CBJ,1,5,5
995,Matty Beniers,SEA,C,19,2002-11-05,-,-,-,-,74,175,2021,SEA,1,2,2
996,William Eklund,S.J,C,19,2002-10-12,-,-,-,-,70,176,2021,S.J,1,7,7
997,Owen Power,BUF,D,19,2002-11-22,-,-,-,-,78,213,2021,BUF,1,1,1
998,Cole Sillinger,CBJ,C,18,2003-05-16,-,-,-,-,74,203,2021,CBJ,1,12,12
999,Mason McTavish,ANA,C,19,2003-01-30,-,-,-,-,73,213,2021,ANA,1,3,3
1000,Kirill Semyonov,TOR,C,27,1994-10-27,-,-,-,-,72,171,-,-,-,-,-
1001,Jesper Froden,BOS,R,27,1994-09-21,-,-,-,-,70,179,-,-,-,-,-
1002,Marc McLaughlin,BOS,C,22,1999-07-26,-,-,-,-,72,198,-,-,-,-,-
1003,Nick Blankenburg,CBJ,D,23,1998-05-12,-,-,-,-,69,175,-,-,-,-,-
1004,Ben Meyers,COL,C,23,1998-11-15,-,-,-,-,71,194,-,-,-,-,-
